
/home/matheo/snap/arduino-cli/62/.cache/arduino/sketches/DA59F7EB8AF8644003A477FD681B90BB/payload.ino.elf:     file format elf32-avr


Disassembly of section .text:

00000000 <__vectors>:
__vectors():
   0:	8a c0       	rjmp	.+276    	; 0x116 <__ctors_end>
   2:	ae c0       	rjmp	.+348    	; 0x160 <__bad_interrupt>
   4:	88 c3       	rjmp	.+1808   	; 0x716 <__vector_2>
   6:	ac c0       	rjmp	.+344    	; 0x160 <__bad_interrupt>
   8:	10 c3       	rjmp	.+1568   	; 0x62a <__vector_4>
   a:	aa c0       	rjmp	.+340    	; 0x160 <__bad_interrupt>
   c:	a9 c0       	rjmp	.+338    	; 0x160 <__bad_interrupt>
   e:	a8 c0       	rjmp	.+336    	; 0x160 <__bad_interrupt>
  10:	a7 c0       	rjmp	.+334    	; 0x160 <__bad_interrupt>
  12:	a6 c0       	rjmp	.+332    	; 0x160 <__bad_interrupt>
  14:	a5 c0       	rjmp	.+330    	; 0x160 <__bad_interrupt>
  16:	a4 c0       	rjmp	.+328    	; 0x160 <__bad_interrupt>
  18:	a3 c0       	rjmp	.+326    	; 0x160 <__bad_interrupt>
  1a:	a2 c0       	rjmp	.+324    	; 0x160 <__bad_interrupt>
  1c:	a1 c0       	rjmp	.+322    	; 0x160 <__bad_interrupt>

0000001e <__trampolines_end>:
__trampolines_start():
  1e:	2c 5e       	subi	r18, 0xEC	; 236
  20:	74 60       	ori	r23, 0x04	; 4
  22:	61 62       	ori	r22, 0x21	; 33
  24:	64 34       	cpi	r22, 0x44	; 68
  26:	66 67       	ori	r22, 0x76	; 118
  28:	65 6e       	ori	r22, 0xE5	; 229
  2a:	36 2d       	mov	r19, r6
  2c:	37 38       	cpi	r19, 0x87	; 135
  2e:	27 1e       	adc	r2, r23
  30:	1f 20       	and	r1, r15
  32:	21 22       	and	r2, r17
  34:	23 24       	eor	r2, r3
  36:	25 26       	eor	r2, r21
  38:	73 33       	cpi	r23, 0x33	; 51
  3a:	76 2e       	mov	r7, r22
  3c:	77 78       	andi	r23, 0x87	; 135
  3e:	5f 44       	sbci	r21, 0x4F	; 79
  40:	45 46       	sbci	r20, 0x65	; 101
  42:	47 48       	sbci	r20, 0x87	; 135
  44:	49 4a       	sbci	r20, 0xA9	; 169
  46:	4b 4c       	sbci	r20, 0xCB	; 203
  48:	4d 4e       	sbci	r20, 0xED	; 237
  4a:	4f 50       	subi	r20, 0x0F	; 15
  4c:	51 52       	subi	r21, 0x21	; 33
  4e:	53 54       	subi	r21, 0x43	; 67
  50:	55 56       	subi	r21, 0x65	; 101
  52:	57 58       	subi	r21, 0x87	; 135
  54:	59 5a       	subi	r21, 0xA9	; 169
  56:	5b 5c       	subi	r21, 0xCB	; 203
  58:	5d 2f       	mov	r21, r29
  5a:	31 30       	cpi	r19, 0x01	; 1
  5c:	63 6d       	ori	r22, 0xD3	; 211
  5e:	35 04       	cpc	r3, r5
  60:	05 06       	cpc	r0, r21
  62:	07 08       	sbc	r0, r7
  64:	09 0a       	sbc	r0, r25
  66:	0b 0c       	add	r0, r11
  68:	0d 0e       	add	r0, r29
  6a:	0f 10       	cpse	r0, r15
  6c:	11 12       	cpse	r1, r17
  6e:	13 14       	cp	r1, r3
  70:	15 16       	cp	r1, r21
  72:	17 18       	sub	r1, r7
  74:	19 1a       	sub	r1, r25
  76:	1b 1c       	adc	r1, r11
  78:	1d 6f       	ori	r17, 0xFD	; 253
  7a:	71 70       	andi	r23, 0x01	; 1
  7c:	75 2a       	or	r7, r21

0000007e <usbDescriptorHidReport>:
  7e:	05 01 09 06 a1 01 05 07 19 e0 29 e7 15 00 25 01     ..........)...%.
  8e:	75 01 95 08 81 02 95 01 75 08 25 73 19 00 29 73     u.......u.%s..)s
  9e:	81 00 c0                                            ...

000000a1 <usbDescriptorStringDevice>:
  a1:	10 03 44 00 69 00 67 00 69 00 4b 00 65 00 79 00     ..D.i.g.i.K.e.y.

000000b1 <usbDescriptorStringVendor>:
  b1:	1c 03 64 00 69 00 67 00 69 00 73 00 74 00 75 00     ..d.i.g.i.s.t.u.
  c1:	6d 00 70 00 2e 00 63 00 6f 00 6d 00                 m.p...c.o.m.

000000cd <usbDescriptorString0>:
  cd:	04 03 09 04                                         ....

000000d1 <usbDescriptorConfiguration>:
  d1:	09 02 22 00 01 01 00 80 32 09 04 00 00 01 03 01     ..".....2.......
  e1:	01 00 09 21 01 01 00 01 22 23 00 07 05 81 03 08     ...!...."#......
  f1:	00 0a                                               ..

000000f3 <usbDescriptorDevice>:
  f3:	12 01 10 01 00 00 00 08 c0 16 db 27 00 01 01 02     ...........'....
 103:	00 01                                               ..

00000105 <port_to_output_PGM>:
 105:	00 38                                               .8

00000107 <digital_pin_to_port_PGM>:
 107:	01 01 01 01 01 01                                   ......

0000010d <digital_pin_to_bit_mask_PGM>:
 10d:	01 02 04 08 10 20 00                                ..... .

00000114 <__ctors_start>:
__ctors_start():
 114:	fe 04       	cpc	r15, r14

00000116 <__ctors_end>:
__dtors_end():
 116:	11 24       	eor	r1, r1
 118:	1f be       	out	0x3f, r1	; 63
 11a:	cf e5       	ldi	r28, 0x5F	; 95
 11c:	d2 e0       	ldi	r29, 0x02	; 2
 11e:	de bf       	out	0x3e, r29	; 62
 120:	cd bf       	out	0x3d, r28	; 61

00000122 <__do_clear_bss>:
__do_clear_bss():
/home/jenkins/workspace/avr-gcc-staging/label/debian7-i686/gcc-build/avr/avr25/libgcc/../../../../gcc/libgcc/config/avr/lib1funcs.S:2441
 122:	20 e0       	ldi	r18, 0x00	; 0
/home/jenkins/workspace/avr-gcc-staging/label/debian7-i686/gcc-build/avr/avr25/libgcc/../../../../gcc/libgcc/config/avr/lib1funcs.S:2442
 124:	a6 ea       	ldi	r26, 0xA6	; 166
/home/jenkins/workspace/avr-gcc-staging/label/debian7-i686/gcc-build/avr/avr25/libgcc/../../../../gcc/libgcc/config/avr/lib1funcs.S:2443
 126:	b0 e0       	ldi	r27, 0x00	; 0
/home/jenkins/workspace/avr-gcc-staging/label/debian7-i686/gcc-build/avr/avr25/libgcc/../../../../gcc/libgcc/config/avr/lib1funcs.S:2444
 128:	01 c0       	rjmp	.+2      	; 0x12c <.do_clear_bss_start>

0000012a <.do_clear_bss_loop>:
/home/jenkins/workspace/avr-gcc-staging/label/debian7-i686/gcc-build/avr/avr25/libgcc/../../../../gcc/libgcc/config/avr/lib1funcs.S:2446
 12a:	1d 92       	st	X+, r1

0000012c <.do_clear_bss_start>:
/home/jenkins/workspace/avr-gcc-staging/label/debian7-i686/gcc-build/avr/avr25/libgcc/../../../../gcc/libgcc/config/avr/lib1funcs.S:2448
 12c:	ae 3e       	cpi	r26, 0xEE	; 238
/home/jenkins/workspace/avr-gcc-staging/label/debian7-i686/gcc-build/avr/avr25/libgcc/../../../../gcc/libgcc/config/avr/lib1funcs.S:2449
 12e:	b2 07       	cpc	r27, r18
/home/jenkins/workspace/avr-gcc-staging/label/debian7-i686/gcc-build/avr/avr25/libgcc/../../../../gcc/libgcc/config/avr/lib1funcs.S:2450
 130:	e1 f7       	brne	.-8      	; 0x12a <.do_clear_bss_loop>

00000132 <__do_copy_data>:
__do_copy_data():
/home/jenkins/workspace/avr-gcc-staging/label/debian7-i686/gcc-build/avr/avr25/libgcc/../../../../gcc/libgcc/config/avr/lib1funcs.S:2409
 132:	10 e0       	ldi	r17, 0x00	; 0
/home/jenkins/workspace/avr-gcc-staging/label/debian7-i686/gcc-build/avr/avr25/libgcc/../../../../gcc/libgcc/config/avr/lib1funcs.S:2410
 134:	a0 e6       	ldi	r26, 0x60	; 96
/home/jenkins/workspace/avr-gcc-staging/label/debian7-i686/gcc-build/avr/avr25/libgcc/../../../../gcc/libgcc/config/avr/lib1funcs.S:2411
 136:	b0 e0       	ldi	r27, 0x00	; 0
/home/jenkins/workspace/avr-gcc-staging/label/debian7-i686/gcc-build/avr/avr25/libgcc/../../../../gcc/libgcc/config/avr/lib1funcs.S:2412
 138:	ea e5       	ldi	r30, 0x5A	; 90
/home/jenkins/workspace/avr-gcc-staging/label/debian7-i686/gcc-build/avr/avr25/libgcc/../../../../gcc/libgcc/config/avr/lib1funcs.S:2413
 13a:	fa e0       	ldi	r31, 0x0A	; 10
/home/jenkins/workspace/avr-gcc-staging/label/debian7-i686/gcc-build/avr/avr25/libgcc/../../../../gcc/libgcc/config/avr/lib1funcs.S:2414
 13c:	02 c0       	rjmp	.+4      	; 0x142 <__do_copy_data+0x10>
/home/jenkins/workspace/avr-gcc-staging/label/debian7-i686/gcc-build/avr/avr25/libgcc/../../../../gcc/libgcc/config/avr/lib1funcs.S:2417
 13e:	05 90       	lpm	r0, Z+
/home/jenkins/workspace/avr-gcc-staging/label/debian7-i686/gcc-build/avr/avr25/libgcc/../../../../gcc/libgcc/config/avr/lib1funcs.S:2422
 140:	0d 92       	st	X+, r0
/home/jenkins/workspace/avr-gcc-staging/label/debian7-i686/gcc-build/avr/avr25/libgcc/../../../../gcc/libgcc/config/avr/lib1funcs.S:2424
 142:	a6 3a       	cpi	r26, 0xA6	; 166
/home/jenkins/workspace/avr-gcc-staging/label/debian7-i686/gcc-build/avr/avr25/libgcc/../../../../gcc/libgcc/config/avr/lib1funcs.S:2425
 144:	b1 07       	cpc	r27, r17
/home/jenkins/workspace/avr-gcc-staging/label/debian7-i686/gcc-build/avr/avr25/libgcc/../../../../gcc/libgcc/config/avr/lib1funcs.S:2426
 146:	d9 f7       	brne	.-10     	; 0x13e <__do_copy_data+0xc>

00000148 <__do_global_ctors>:
__do_global_ctors():
/home/jenkins/workspace/avr-gcc-staging/label/debian7-i686/gcc-build/avr/avr25/libgcc/../../../../gcc/libgcc/config/avr/lib1funcs.S:2466
 148:	10 e0       	ldi	r17, 0x00	; 0
/home/jenkins/workspace/avr-gcc-staging/label/debian7-i686/gcc-build/avr/avr25/libgcc/../../../../gcc/libgcc/config/avr/lib1funcs.S:2467
 14a:	cb e8       	ldi	r28, 0x8B	; 139
/home/jenkins/workspace/avr-gcc-staging/label/debian7-i686/gcc-build/avr/avr25/libgcc/../../../../gcc/libgcc/config/avr/lib1funcs.S:2468
 14c:	d0 e0       	ldi	r29, 0x00	; 0
/home/jenkins/workspace/avr-gcc-staging/label/debian7-i686/gcc-build/avr/avr25/libgcc/../../../../gcc/libgcc/config/avr/lib1funcs.S:2472
 14e:	03 c0       	rjmp	.+6      	; 0x156 <__do_global_ctors+0xe>
/home/jenkins/workspace/avr-gcc-staging/label/debian7-i686/gcc-build/avr/avr25/libgcc/../../../../gcc/libgcc/config/avr/lib1funcs.S:2474
 150:	21 97       	sbiw	r28, 0x01	; 1
/home/jenkins/workspace/avr-gcc-staging/label/debian7-i686/gcc-build/avr/avr25/libgcc/../../../../gcc/libgcc/config/avr/lib1funcs.S:2480
 152:	fe 01       	movw	r30, r28
/home/jenkins/workspace/avr-gcc-staging/label/debian7-i686/gcc-build/avr/avr25/libgcc/../../../../gcc/libgcc/config/avr/lib1funcs.S:2481
 154:	7a d4       	rcall	.+2292   	; 0xa4a <__tablejump2__>
/home/jenkins/workspace/avr-gcc-staging/label/debian7-i686/gcc-build/avr/avr25/libgcc/../../../../gcc/libgcc/config/avr/lib1funcs.S:2483
 156:	ca 38       	cpi	r28, 0x8A	; 138
/home/jenkins/workspace/avr-gcc-staging/label/debian7-i686/gcc-build/avr/avr25/libgcc/../../../../gcc/libgcc/config/avr/lib1funcs.S:2484
 158:	d1 07       	cpc	r29, r17
/home/jenkins/workspace/avr-gcc-staging/label/debian7-i686/gcc-build/avr/avr25/libgcc/../../../../gcc/libgcc/config/avr/lib1funcs.S:2489
 15a:	d1 f7       	brne	.-12     	; 0x150 <__do_global_ctors+0x8>
 15c:	fd d3       	rcall	.+2042   	; 0x958 <main>
 15e:	7b c4       	rjmp	.+2294   	; 0xa56 <_exit>

00000160 <__bad_interrupt>:
__vector_1():
 160:	4f cf       	rjmp	.-354    	; 0x0 <__vectors>

00000162 <digitalWrite.constprop.4>:
digitalWrite():
/home/matheo/snap/arduino-cli/62/.arduino15/packages/digistump/hardware/avr/1.7.5/cores/tiny/wiring_digital.c:117

}

void digitalWrite(uint8_t pin, uint8_t val)
{
	uint8_t bit = digitalPinToBitMask(pin);
 162:	ee e0       	ldi	r30, 0x0E	; 14
 164:	f1 e0       	ldi	r31, 0x01	; 1
 166:	94 91       	lpm	r25, Z
/home/matheo/snap/arduino-cli/62/.arduino15/packages/digistump/hardware/avr/1.7.5/cores/tiny/wiring_digital.c:118
	uint8_t port = digitalPinToPort(pin);
 168:	e8 e0       	ldi	r30, 0x08	; 8
 16a:	f1 e0       	ldi	r31, 0x01	; 1
 16c:	e4 91       	lpm	r30, Z
/home/matheo/snap/arduino-cli/62/.arduino15/packages/digistump/hardware/avr/1.7.5/cores/tiny/wiring_digital.c:121
	volatile uint8_t *out;

	if (port == NOT_A_PIN) return;
 16e:	ee 23       	and	r30, r30
 170:	91 f0       	breq	.+36     	; 0x196 <digitalWrite.constprop.4+0x34>
Timer0_SetCompareOutputModeB():
/home/matheo/snap/arduino-cli/62/.arduino15/packages/digistump/hardware/avr/1.7.5/cores/tiny/core_timers.h:792
  TCCR0A = (TCCR0A & ~MASK2(COM0A1,COM0A0)) | (com << COM0A0);
}

__attribute__((always_inline)) static inline void Timer0_SetCompareOutputModeB( timer0_com_t com )
{
  TCCR0A = (TCCR0A & ~MASK2(COM0B1,COM0B0)) | (com << COM0B0);
 172:	2a b5       	in	r18, 0x2a	; 42
 174:	2f 7c       	andi	r18, 0xCF	; 207
 176:	2a bd       	out	0x2a, r18	; 42
digitalWrite():
/home/matheo/snap/arduino-cli/62/.arduino15/packages/digistump/hardware/avr/1.7.5/cores/tiny/wiring_digital.c:127

	// If the pin that support PWM output, we need to turn it off
	// before doing a digital write.
  turnOffPWM( pin );

	out = portOutputRegister(port);
 178:	f0 e0       	ldi	r31, 0x00	; 0
 17a:	eb 5f       	subi	r30, 0xFB	; 251
 17c:	fe 4f       	sbci	r31, 0xFE	; 254
 17e:	a4 91       	lpm	r26, Z
 180:	b0 e0       	ldi	r27, 0x00	; 0
/home/matheo/snap/arduino-cli/62/.arduino15/packages/digistump/hardware/avr/1.7.5/cores/tiny/wiring_digital.c:129

	if (val == LOW) {
 182:	81 11       	cpse	r24, r1
 184:	09 c0       	rjmp	.+18     	; 0x198 <digitalWrite.constprop.4+0x36>
/home/matheo/snap/arduino-cli/62/.arduino15/packages/digistump/hardware/avr/1.7.5/cores/tiny/wiring_digital.c:130
		uint8_t oldSREG = SREG;
 186:	8f b7       	in	r24, 0x3f	; 63
/home/matheo/snap/arduino-cli/62/.arduino15/packages/digistump/hardware/avr/1.7.5/cores/tiny/wiring_digital.c:131
    cli();
 188:	f8 94       	cli
/home/matheo/snap/arduino-cli/62/.arduino15/packages/digistump/hardware/avr/1.7.5/cores/tiny/wiring_digital.c:132
		*out &= ~bit;
 18a:	2c 91       	ld	r18, X
 18c:	e9 2f       	mov	r30, r25
 18e:	e0 95       	com	r30
 190:	e2 23       	and	r30, r18
/home/matheo/snap/arduino-cli/62/.arduino15/packages/digistump/hardware/avr/1.7.5/cores/tiny/wiring_digital.c:137
		SREG = oldSREG;
	} else {
		uint8_t oldSREG = SREG;
    cli();
		*out |= bit;
 192:	ec 93       	st	X, r30
/home/matheo/snap/arduino-cli/62/.arduino15/packages/digistump/hardware/avr/1.7.5/cores/tiny/wiring_digital.c:138
		SREG = oldSREG;
 194:	8f bf       	out	0x3f, r24	; 63
/home/matheo/snap/arduino-cli/62/.arduino15/packages/digistump/hardware/avr/1.7.5/cores/tiny/wiring_digital.c:140
	}
}
 196:	08 95       	ret
/home/matheo/snap/arduino-cli/62/.arduino15/packages/digistump/hardware/avr/1.7.5/cores/tiny/wiring_digital.c:135
		uint8_t oldSREG = SREG;
    cli();
		*out &= ~bit;
		SREG = oldSREG;
	} else {
		uint8_t oldSREG = SREG;
 198:	8f b7       	in	r24, 0x3f	; 63
/home/matheo/snap/arduino-cli/62/.arduino15/packages/digistump/hardware/avr/1.7.5/cores/tiny/wiring_digital.c:136
    cli();
 19a:	f8 94       	cli
/home/matheo/snap/arduino-cli/62/.arduino15/packages/digistump/hardware/avr/1.7.5/cores/tiny/wiring_digital.c:137
		*out |= bit;
 19c:	ec 91       	ld	r30, X
 19e:	e9 2b       	or	r30, r25
 1a0:	f8 cf       	rjmp	.-16     	; 0x192 <digitalWrite.constprop.4+0x30>

000001a2 <Print::write(unsigned char const*, unsigned int)>:
write():
/home/matheo/snap/arduino-cli/62/.arduino15/packages/digistump/hardware/avr/1.7.5/cores/tiny/Print.cpp:34

// Public Methods //////////////////////////////////////////////////////////////

/* default implementation: may be overridden */
size_t Print::write(const uint8_t *buffer, size_t size)
{
 1a2:	cf 92       	push	r12
 1a4:	df 92       	push	r13
 1a6:	ef 92       	push	r14
 1a8:	ff 92       	push	r15
 1aa:	0f 93       	push	r16
 1ac:	1f 93       	push	r17
 1ae:	cf 93       	push	r28
 1b0:	df 93       	push	r29
 1b2:	6c 01       	movw	r12, r24
 1b4:	eb 01       	movw	r28, r22
 1b6:	7b 01       	movw	r14, r22
 1b8:	e4 0e       	add	r14, r20
 1ba:	f5 1e       	adc	r15, r21
/home/matheo/snap/arduino-cli/62/.arduino15/packages/digistump/hardware/avr/1.7.5/cores/tiny/Print.cpp:35
  size_t n = 0;
 1bc:	10 e0       	ldi	r17, 0x00	; 0
 1be:	00 e0       	ldi	r16, 0x00	; 0
/home/matheo/snap/arduino-cli/62/.arduino15/packages/digistump/hardware/avr/1.7.5/cores/tiny/Print.cpp:36
  while (size--) {
 1c0:	ce 15       	cp	r28, r14
 1c2:	df 05       	cpc	r29, r15
 1c4:	61 f0       	breq	.+24     	; 0x1de <Print::write(unsigned char const*, unsigned int)+0x3c>
/home/matheo/snap/arduino-cli/62/.arduino15/packages/digistump/hardware/avr/1.7.5/cores/tiny/Print.cpp:37
    n += write(*buffer++);
 1c6:	69 91       	ld	r22, Y+
 1c8:	d6 01       	movw	r26, r12
 1ca:	ed 91       	ld	r30, X+
 1cc:	fc 91       	ld	r31, X
 1ce:	01 90       	ld	r0, Z+
 1d0:	f0 81       	ld	r31, Z
 1d2:	e0 2d       	mov	r30, r0
 1d4:	c6 01       	movw	r24, r12
 1d6:	09 95       	icall
 1d8:	08 0f       	add	r16, r24
 1da:	19 1f       	adc	r17, r25
 1dc:	f1 cf       	rjmp	.-30     	; 0x1c0 <Print::write(unsigned char const*, unsigned int)+0x1e>
/home/matheo/snap/arduino-cli/62/.arduino15/packages/digistump/hardware/avr/1.7.5/cores/tiny/Print.cpp:40
  }
  return n;
}
 1de:	c8 01       	movw	r24, r16
 1e0:	df 91       	pop	r29
 1e2:	cf 91       	pop	r28
 1e4:	1f 91       	pop	r17
 1e6:	0f 91       	pop	r16
 1e8:	ff 90       	pop	r15
 1ea:	ef 90       	pop	r14
 1ec:	df 90       	pop	r13
 1ee:	cf 90       	pop	r12
 1f0:	08 95       	ret

000001f2 <usbGenericSetInterrupt.constprop.7>:
usbGenericSetInterrupt():
/home/matheo/snap/arduino-cli/62/.arduino15/packages/digistump/hardware/avr/1.7.5/libraries/DigisparkKeyboard/usbdrv.c:220

/* ------------------------------------------------------------------------- */

#if !USB_CFG_SUPPRESS_INTR_CODE
#if USB_CFG_HAVE_INTRIN_ENDPOINT
static void usbGenericSetInterrupt(uchar *data, uchar len, usbTxStatus_t *txStatus)
 1f2:	fc 01       	movw	r30, r24
/home/matheo/snap/arduino-cli/62/.arduino15/packages/digistump/hardware/avr/1.7.5/libraries/DigisparkKeyboard/usbdrv.c:229

#if USB_CFG_IMPLEMENT_HALT
    if(usbTxLen1 == USBPID_STALL)
        return;
#endif
    if(txStatus->len & 0x10){   /* packet buffer was empty */
 1f4:	80 91 c6 00 	lds	r24, 0x00C6	; 0x8000c6 <usbTxStatus1>
 1f8:	84 ff       	sbrs	r24, 4
 1fa:	14 c0       	rjmp	.+40     	; 0x224 <usbGenericSetInterrupt.constprop.7+0x32>
/home/matheo/snap/arduino-cli/62/.arduino15/packages/digistump/hardware/avr/1.7.5/libraries/DigisparkKeyboard/usbdrv.c:230
        txStatus->buffer[0] ^= USBPID_DATA0 ^ USBPID_DATA1; /* toggle token */
 1fc:	90 91 c7 00 	lds	r25, 0x00C7	; 0x8000c7 <usbTxStatus1+0x1>
 200:	88 e8       	ldi	r24, 0x88	; 136
 202:	98 27       	eor	r25, r24
 204:	90 93 c7 00 	sts	0x00C7, r25	; 0x8000c7 <usbTxStatus1+0x1>
/home/matheo/snap/arduino-cli/62/.arduino15/packages/digistump/hardware/avr/1.7.5/libraries/DigisparkKeyboard/usbdrv.c:237
        txStatus->len = USBPID_NAK; /* avoid sending outdated (overwritten) interrupt data */
    }
    p = txStatus->buffer + 1;
    i = len;
    do{                         /* if len == 0, we still copy 1 byte, but that's no problem */
        *p++ = *data++;
 208:	80 81       	ld	r24, Z
 20a:	80 93 c8 00 	sts	0x00C8, r24	; 0x8000c8 <usbTxStatus1+0x2>
 20e:	81 81       	ldd	r24, Z+1	; 0x01
 210:	80 93 c9 00 	sts	0x00C9, r24	; 0x8000c9 <usbTxStatus1+0x3>
/home/matheo/snap/arduino-cli/62/.arduino15/packages/digistump/hardware/avr/1.7.5/libraries/DigisparkKeyboard/usbdrv.c:239
    }while(--i > 0);            /* loop control at the end is 2 bytes shorter than at beginning */
    usbCrc16Append(&txStatus->buffer[1], len);
 214:	62 e0       	ldi	r22, 0x02	; 2
 216:	88 ec       	ldi	r24, 0xC8	; 200
 218:	90 e0       	ldi	r25, 0x00	; 0
 21a:	66 d2       	rcall	.+1228   	; 0x6e8 <usbCrc16Append>
/home/matheo/snap/arduino-cli/62/.arduino15/packages/digistump/hardware/avr/1.7.5/libraries/DigisparkKeyboard/usbdrv.c:240
    txStatus->len = len + 4;    /* len must be given including sync byte */
 21c:	86 e0       	ldi	r24, 0x06	; 6
 21e:	80 93 c6 00 	sts	0x00C6, r24	; 0x8000c6 <usbTxStatus1>
/home/matheo/snap/arduino-cli/62/.arduino15/packages/digistump/hardware/avr/1.7.5/libraries/DigisparkKeyboard/usbdrv.c:242
    DBG2(0x21 + (((int)txStatus >> 3) & 3), txStatus->buffer, len + 3);
}
 222:	08 95       	ret
/home/matheo/snap/arduino-cli/62/.arduino15/packages/digistump/hardware/avr/1.7.5/libraries/DigisparkKeyboard/usbdrv.c:232
        return;
#endif
    if(txStatus->len & 0x10){   /* packet buffer was empty */
        txStatus->buffer[0] ^= USBPID_DATA0 ^ USBPID_DATA1; /* toggle token */
    }else{
        txStatus->len = USBPID_NAK; /* avoid sending outdated (overwritten) interrupt data */
 224:	8a e5       	ldi	r24, 0x5A	; 90
 226:	80 93 c6 00 	sts	0x00C6, r24	; 0x8000c6 <usbTxStatus1>
 22a:	ee cf       	rjmp	.-36     	; 0x208 <usbGenericSetInterrupt.constprop.7+0x16>

0000022c <Print::print(char const*) [clone .constprop.0]>:
write():
/home/matheo/snap/arduino-cli/62/.arduino15/packages/digistump/hardware/avr/1.7.5/cores/tiny/Print.h:81

    int getWriteError() { return write_error; }
    void clearWriteError() { setWriteError(0); }

    virtual size_t write(uint8_t) = 0;
    size_t write(const char *str) { return write((const uint8_t *)str, strlen(str)); }
 22c:	fc 01       	movw	r30, r24
 22e:	01 90       	ld	r0, Z+
 230:	00 20       	and	r0, r0
 232:	e9 f7       	brne	.-6      	; 0x22e <Print::print(char const*) [clone .constprop.0]+0x2>
 234:	31 97       	sbiw	r30, 0x01	; 1
 236:	af 01       	movw	r20, r30
 238:	48 1b       	sub	r20, r24
 23a:	59 0b       	sbc	r21, r25
 23c:	bc 01       	movw	r22, r24
 23e:	84 eb       	ldi	r24, 0xB4	; 180
 240:	90 e0       	ldi	r25, 0x00	; 0
 242:	af cf       	rjmp	.-162    	; 0x1a2 <Print::write(unsigned char const*, unsigned int)>

00000244 <usbPoll>:
usbPoll():
/home/matheo/snap/arduino-cli/62/.arduino15/packages/digistump/hardware/avr/1.7.5/libraries/DigisparkKeyboard/usbdrv.c:572
}

/* ------------------------------------------------------------------------- */

USB_PUBLIC void usbPoll(void)
{
 244:	cf 92       	push	r12
 246:	df 92       	push	r13
 248:	ef 92       	push	r14
 24a:	ff 92       	push	r15
 24c:	0f 93       	push	r16
 24e:	1f 93       	push	r17
 250:	cf 93       	push	r28
 252:	df 93       	push	r29
/home/matheo/snap/arduino-cli/62/.arduino15/packages/digistump/hardware/avr/1.7.5/libraries/DigisparkKeyboard/usbdrv.c:576
schar   len;
uchar   i;

    len = usbRxLen - 3;
 254:	80 91 d5 00 	lds	r24, 0x00D5	; 0x8000d5 <usbRxLen>
 258:	83 50       	subi	r24, 0x03	; 3
/home/matheo/snap/arduino-cli/62/.arduino15/packages/digistump/hardware/avr/1.7.5/libraries/DigisparkKeyboard/usbdrv.c:577
    if(len >= 0){
 25a:	87 fd       	sbrc	r24, 7
 25c:	2c c0       	rjmp	.+88     	; 0x2b6 <__stack+0x57>
usbProcessRx():
/home/matheo/snap/arduino-cli/62/.arduino15/packages/digistump/hardware/avr/1.7.5/libraries/DigisparkKeyboard/usbdrv.c:444
    if(usbRxToken < 0x10){  /* OUT to endpoint != 0: endpoint number in usbRxToken */
        usbFunctionWriteOut(data, len);
        return;
    }
#endif
    if(usbRxToken == (uchar)USBPID_SETUP){
 25e:	90 91 d3 00 	lds	r25, 0x00D3	; 0x8000d3 <usbRxToken>
 262:	9d 32       	cpi	r25, 0x2D	; 45
 264:	31 f5       	brne	.+76     	; 0x2b2 <__stack+0x53>
/home/matheo/snap/arduino-cli/62/.arduino15/packages/digistump/hardware/avr/1.7.5/libraries/DigisparkKeyboard/usbdrv.c:445
        if(len != 8)    /* Setup size must be always 8 bytes. Ignore otherwise. */
 266:	88 30       	cpi	r24, 0x08	; 8
 268:	21 f5       	brne	.+72     	; 0x2b2 <__stack+0x53>
usbPoll():
/home/matheo/snap/arduino-cli/62/.arduino15/packages/digistump/hardware/avr/1.7.5/libraries/DigisparkKeyboard/usbdrv.c:584
 * need data integrity checks with this driver, check the CRC in your app
 * code and report errors back to the host. Since the ACK was already sent,
 * retries must be handled on application level.
 * unsigned crc = usbCrc16(buffer + 1, usbRxLen - 3);
 */
        usbProcessRx(usbRxBuf + USB_BUFSIZE + 1 - usbInputBufOffset, len);
 26a:	80 91 d4 00 	lds	r24, 0x00D4	; 0x8000d4 <usbInputBufOffset>
 26e:	ec e0       	ldi	r30, 0x0C	; 12
 270:	f0 e0       	ldi	r31, 0x00	; 0
 272:	e8 1b       	sub	r30, r24
 274:	f1 09       	sbc	r31, r1
 276:	e8 52       	subi	r30, 0x28	; 40
 278:	ff 4f       	sbci	r31, 0xFF	; 255
usbProcessRx():
/home/matheo/snap/arduino-cli/62/.arduino15/packages/digistump/hardware/avr/1.7.5/libraries/DigisparkKeyboard/usbdrv.c:448
#endif
    if(usbRxToken == (uchar)USBPID_SETUP){
        if(len != 8)    /* Setup size must be always 8 bytes. Ignore otherwise. */
            return;
        usbMsgLen_t replyLen;
        usbTxBuf[0] = USBPID_DATA0;         /* initialize data toggling */
 27a:	83 ec       	ldi	r24, 0xC3	; 195
 27c:	80 93 bb 00 	sts	0x00BB, r24	; 0x8000bb <usbTxBuf>
/home/matheo/snap/arduino-cli/62/.arduino15/packages/digistump/hardware/avr/1.7.5/libraries/DigisparkKeyboard/usbdrv.c:449
        usbTxLen = USBPID_NAK;              /* abort pending transmit */
 280:	8a e5       	ldi	r24, 0x5A	; 90
 282:	80 93 61 00 	sts	0x0061, r24	; 0x800061 <usbTxLen>
/home/matheo/snap/arduino-cli/62/.arduino15/packages/digistump/hardware/avr/1.7.5/libraries/DigisparkKeyboard/usbdrv.c:450
        usbMsgFlags = 0;
 286:	10 92 a7 00 	sts	0x00A7, r1	; 0x8000a7 <usbMsgFlags>
/home/matheo/snap/arduino-cli/62/.arduino15/packages/digistump/hardware/avr/1.7.5/libraries/DigisparkKeyboard/usbdrv.c:451
        uchar type = rq->bmRequestType & USBRQ_TYPE_MASK;
 28a:	80 81       	ld	r24, Z
 28c:	80 76       	andi	r24, 0x60	; 96
/home/matheo/snap/arduino-cli/62/.arduino15/packages/digistump/hardware/avr/1.7.5/libraries/DigisparkKeyboard/usbdrv.c:452
        if(type != USBRQ_TYPE_STANDARD){    /* standard requests are handled by driver */
 28e:	09 f4       	brne	.+2      	; 0x292 <__stack+0x33>
 290:	94 c0       	rjmp	.+296    	; 0x3ba <__stack+0x15b>
usbFunctionSetup():
/home/matheo/snap/arduino-cli/62/.arduino15/packages/digistump/hardware/avr/1.7.5/libraries/DigisparkKeyboard/DigiKeyboard.h:221
#endif
// USB_PUBLIC uchar usbFunctionSetup
uchar usbFunctionSetup(uchar data[8]) {
    usbRequest_t *rq = (usbRequest_t*) ((void*) data);

    usbMsgPtr = DigiKeyboard.reportBuffer; //
 292:	89 eb       	ldi	r24, 0xB9	; 185
 294:	90 e0       	ldi	r25, 0x00	; 0
 296:	90 93 a9 00 	sts	0x00A9, r25	; 0x8000a9 <usbMsgPtr+0x1>
 29a:	80 93 a8 00 	sts	0x00A8, r24	; 0x8000a8 <usbMsgPtr>
usbPoll():
/home/matheo/snap/arduino-cli/62/.arduino15/packages/digistump/hardware/avr/1.7.5/libraries/DigisparkKeyboard/usbdrv.c:453
            replyLen = usbFunctionSetup(data);
 29e:	80 e0       	ldi	r24, 0x00	; 0
usbProcessRx():
/home/matheo/snap/arduino-cli/62/.arduino15/packages/digistump/hardware/avr/1.7.5/libraries/DigisparkKeyboard/usbdrv.c:471
            }
            usbMsgFlags = USB_FLG_USE_USER_RW;
        }else   /* The 'else' prevents that we limit a replyLen of USB_NO_MSG to the maximum transfer len. */
#endif
        if(sizeof(replyLen) < sizeof(rq->wLength.word)){ /* help compiler with optimizing */
            if(!rq->wLength.bytes[1] && replyLen > rq->wLength.bytes[0])    /* limit length to max */
 2a0:	97 81       	ldd	r25, Z+7	; 0x07
 2a2:	91 11       	cpse	r25, r1
 2a4:	04 c0       	rjmp	.+8      	; 0x2ae <__stack+0x4f>
 2a6:	96 81       	ldd	r25, Z+6	; 0x06
 2a8:	98 17       	cp	r25, r24
 2aa:	08 f4       	brcc	.+2      	; 0x2ae <__stack+0x4f>
 2ac:	89 2f       	mov	r24, r25
/home/matheo/snap/arduino-cli/62/.arduino15/packages/digistump/hardware/avr/1.7.5/libraries/DigisparkKeyboard/usbdrv.c:477
                replyLen = rq->wLength.bytes[0];
        }else{
            if(replyLen > rq->wLength.word)     /* limit length to max */
                replyLen = rq->wLength.word;
        }
        usbMsgLen = replyLen;
 2ae:	80 93 60 00 	sts	0x0060, r24	; 0x800060 <__DATA_REGION_ORIGIN__>
usbPoll():
/home/matheo/snap/arduino-cli/62/.arduino15/packages/digistump/hardware/avr/1.7.5/libraries/DigisparkKeyboard/usbdrv.c:589
        usbProcessRx(usbRxBuf + USB_BUFSIZE + 1 - usbInputBufOffset, len);
#if USB_CFG_HAVE_FLOWCONTROL
        if(usbRxLen > 0)    /* only mark as available if not inactivated */
            usbRxLen = 0;
#else
        usbRxLen = 0;       /* mark rx buffer as available */
 2b2:	10 92 d5 00 	sts	0x00D5, r1	; 0x8000d5 <usbRxLen>
/home/matheo/snap/arduino-cli/62/.arduino15/packages/digistump/hardware/avr/1.7.5/libraries/DigisparkKeyboard/usbdrv.c:592
#endif
    }
    if(usbTxLen & 0x10){    /* transmit system idle */
 2b6:	80 91 61 00 	lds	r24, 0x0061	; 0x800061 <usbTxLen>
 2ba:	84 ff       	sbrs	r24, 4
 2bc:	3c c0       	rjmp	.+120    	; 0x336 <__stack+0xd7>
/home/matheo/snap/arduino-cli/62/.arduino15/packages/digistump/hardware/avr/1.7.5/libraries/DigisparkKeyboard/usbdrv.c:593
        if(usbMsgLen != USB_NO_MSG){    /* transmit data pending? */
 2be:	80 91 60 00 	lds	r24, 0x0060	; 0x800060 <__DATA_REGION_ORIGIN__>
 2c2:	8f 3f       	cpi	r24, 0xFF	; 255
 2c4:	c1 f1       	breq	.+112    	; 0x336 <__stack+0xd7>
 2c6:	c8 2f       	mov	r28, r24
 2c8:	89 30       	cpi	r24, 0x09	; 9
 2ca:	08 f0       	brcs	.+2      	; 0x2ce <__stack+0x6f>
 2cc:	c8 e0       	ldi	r28, 0x08	; 8
usbBuildTxBlock():
/home/matheo/snap/arduino-cli/62/.arduino15/packages/digistump/hardware/avr/1.7.5/libraries/DigisparkKeyboard/usbdrv.c:538
uchar       len;

    wantLen = usbMsgLen;
    if(wantLen > 8)
        wantLen = 8;
    usbMsgLen -= wantLen;
 2ce:	98 2f       	mov	r25, r24
 2d0:	9c 1b       	sub	r25, r28
 2d2:	90 93 60 00 	sts	0x0060, r25	; 0x800060 <__DATA_REGION_ORIGIN__>
/home/matheo/snap/arduino-cli/62/.arduino15/packages/digistump/hardware/avr/1.7.5/libraries/DigisparkKeyboard/usbdrv.c:539
    usbTxBuf[0] ^= USBPID_DATA0 ^ USBPID_DATA1; /* DATA toggling */
 2d6:	90 91 bb 00 	lds	r25, 0x00BB	; 0x8000bb <usbTxBuf>
 2da:	28 e8       	ldi	r18, 0x88	; 136
 2dc:	92 27       	eor	r25, r18
 2de:	90 93 bb 00 	sts	0x00BB, r25	; 0x8000bb <usbTxBuf>
usbDeviceRead():
/home/matheo/snap/arduino-cli/62/.arduino15/packages/digistump/hardware/avr/1.7.5/libraries/DigisparkKeyboard/usbdrv.c:499
/* This function is similar to usbFunctionRead(), but it's also called for
 * data handled automatically by the driver (e.g. descriptor reads).
 */
static uchar usbDeviceRead(uchar *data, uchar len)
{
    if(len > 0){    /* don't bother app with 0 sized reads */
 2e2:	88 23       	and	r24, r24
 2e4:	e1 f0       	breq	.+56     	; 0x31e <__stack+0xbf>
/home/matheo/snap/arduino-cli/62/.arduino15/packages/digistump/hardware/avr/1.7.5/libraries/DigisparkKeyboard/usbdrv.c:507
            len = usbFunctionRead(data, len);
        }else
#endif
        {
            uchar i = len;
            usbMsgPtr_t r = usbMsgPtr;
 2e6:	40 91 a8 00 	lds	r20, 0x00A8	; 0x8000a8 <usbMsgPtr>
 2ea:	50 91 a9 00 	lds	r21, 0x00A9	; 0x8000a9 <usbMsgPtr+0x1>
/home/matheo/snap/arduino-cli/62/.arduino15/packages/digistump/hardware/avr/1.7.5/libraries/DigisparkKeyboard/usbdrv.c:508
            if(usbMsgFlags & USB_FLG_MSGPTR_IS_ROM){    /* ROM data */
 2ee:	80 91 a7 00 	lds	r24, 0x00A7	; 0x8000a7 <usbMsgFlags>
 2f2:	86 ff       	sbrs	r24, 6
 2f4:	df c0       	rjmp	.+446    	; 0x4b4 <__LOCK_REGION_LENGTH__+0xb4>
 2f6:	ac eb       	ldi	r26, 0xBC	; 188
 2f8:	b0 e0       	ldi	r27, 0x00	; 0
usbPoll():
/home/matheo/snap/arduino-cli/62/.arduino15/packages/digistump/hardware/avr/1.7.5/libraries/DigisparkKeyboard/usbdrv.c:507
            len = usbFunctionRead(data, len);
        }else
#endif
        {
            uchar i = len;
            usbMsgPtr_t r = usbMsgPtr;
 2fa:	fa 01       	movw	r30, r20
usbDeviceRead():
/home/matheo/snap/arduino-cli/62/.arduino15/packages/digistump/hardware/avr/1.7.5/libraries/DigisparkKeyboard/usbdrv.c:508
            if(usbMsgFlags & USB_FLG_MSGPTR_IS_ROM){    /* ROM data */
 2fc:	9c 2f       	mov	r25, r28
/home/matheo/snap/arduino-cli/62/.arduino15/packages/digistump/hardware/avr/1.7.5/libraries/DigisparkKeyboard/usbdrv.c:510
                do{
                    uchar c = USB_READ_FLASH(r);    /* assign to char size variable to enforce byte ops */
 2fe:	84 91       	lpm	r24, Z
/home/matheo/snap/arduino-cli/62/.arduino15/packages/digistump/hardware/avr/1.7.5/libraries/DigisparkKeyboard/usbdrv.c:511
                    *data++ = c;
 300:	8d 93       	st	X+, r24
/home/matheo/snap/arduino-cli/62/.arduino15/packages/digistump/hardware/avr/1.7.5/libraries/DigisparkKeyboard/usbdrv.c:512
                    r++;
 302:	31 96       	adiw	r30, 0x01	; 1
/home/matheo/snap/arduino-cli/62/.arduino15/packages/digistump/hardware/avr/1.7.5/libraries/DigisparkKeyboard/usbdrv.c:513
                }while(--i);
 304:	91 50       	subi	r25, 0x01	; 1
 306:	d9 f7       	brne	.-10     	; 0x2fe <__stack+0x9f>
 308:	2f ef       	ldi	r18, 0xFF	; 255
 30a:	2c 0f       	add	r18, r28
 30c:	30 e0       	ldi	r19, 0x00	; 0
 30e:	2f 5f       	subi	r18, 0xFF	; 255
 310:	3f 4f       	sbci	r19, 0xFF	; 255
 312:	24 0f       	add	r18, r20
 314:	35 1f       	adc	r19, r21
/home/matheo/snap/arduino-cli/62/.arduino15/packages/digistump/hardware/avr/1.7.5/libraries/DigisparkKeyboard/usbdrv.c:519
            }else{  /* RAM data */
                do{
                    *data++ = *r++;
                }while(--i);
            }
            usbMsgPtr = r;
 316:	30 93 a9 00 	sts	0x00A9, r19	; 0x8000a9 <usbMsgPtr+0x1>
 31a:	20 93 a8 00 	sts	0x00A8, r18	; 0x8000a8 <usbMsgPtr>
usbBuildTxBlock():
/home/matheo/snap/arduino-cli/62/.arduino15/packages/digistump/hardware/avr/1.7.5/libraries/DigisparkKeyboard/usbdrv.c:542
        wantLen = 8;
    usbMsgLen -= wantLen;
    usbTxBuf[0] ^= USBPID_DATA0 ^ USBPID_DATA1; /* DATA toggling */
    len = usbDeviceRead(usbTxBuf + 1, wantLen);
    if(len <= 8){           /* valid data packet */
        usbCrc16Append(&usbTxBuf[1], len);
 31e:	6c 2f       	mov	r22, r28
 320:	8c eb       	ldi	r24, 0xBC	; 188
 322:	90 e0       	ldi	r25, 0x00	; 0
 324:	e1 d1       	rcall	.+962    	; 0x6e8 <usbCrc16Append>
/home/matheo/snap/arduino-cli/62/.arduino15/packages/digistump/hardware/avr/1.7.5/libraries/DigisparkKeyboard/usbdrv.c:543
        len += 4;           /* length including sync byte */
 326:	cc 5f       	subi	r28, 0xFC	; 252
/home/matheo/snap/arduino-cli/62/.arduino15/packages/digistump/hardware/avr/1.7.5/libraries/DigisparkKeyboard/usbdrv.c:544
        if(len < 12)        /* a partial package identifies end of message */
 328:	cc 30       	cpi	r28, 0x0C	; 12
 32a:	19 f0       	breq	.+6      	; 0x332 <__stack+0xd3>
/home/matheo/snap/arduino-cli/62/.arduino15/packages/digistump/hardware/avr/1.7.5/libraries/DigisparkKeyboard/usbdrv.c:545
            usbMsgLen = USB_NO_MSG;
 32c:	8f ef       	ldi	r24, 0xFF	; 255
 32e:	80 93 60 00 	sts	0x0060, r24	; 0x800060 <__DATA_REGION_ORIGIN__>
/home/matheo/snap/arduino-cli/62/.arduino15/packages/digistump/hardware/avr/1.7.5/libraries/DigisparkKeyboard/usbdrv.c:550
    }else{
        len = USBPID_STALL;   /* stall the endpoint */
        usbMsgLen = USB_NO_MSG;
    }
    usbTxLen = len;
 332:	c0 93 61 00 	sts	0x0061, r28	; 0x800061 <usbTxLen>
usbPoll():
/home/matheo/snap/arduino-cli/62/.arduino15/packages/digistump/hardware/avr/1.7.5/libraries/DigisparkKeyboard/usbdrv.c:597
    if(usbTxLen & 0x10){    /* transmit system idle */
        if(usbMsgLen != USB_NO_MSG){    /* transmit data pending? */
            usbBuildTxBlock();
        }
    }
    for(i = 20; i > 0; i--){
 336:	84 e1       	ldi	r24, 0x14	; 20
/home/matheo/snap/arduino-cli/62/.arduino15/packages/digistump/hardware/avr/1.7.5/libraries/DigisparkKeyboard/usbdrv.c:598
        uchar usbLineStatus = USBIN & USBMASK;
 338:	96 b3       	in	r25, 0x16	; 22
 33a:	98 71       	andi	r25, 0x18	; 24
/home/matheo/snap/arduino-cli/62/.arduino15/packages/digistump/hardware/avr/1.7.5/libraries/DigisparkKeyboard/usbdrv.c:599
        if(usbLineStatus != 0)  /* SE0 has ended */
 33c:	31 f4       	brne	.+12     	; 0x34a <__stack+0xeb>
/home/matheo/snap/arduino-cli/62/.arduino15/packages/digistump/hardware/avr/1.7.5/libraries/DigisparkKeyboard/usbdrv.c:597
    if(usbTxLen & 0x10){    /* transmit system idle */
        if(usbMsgLen != USB_NO_MSG){    /* transmit data pending? */
            usbBuildTxBlock();
        }
    }
    for(i = 20; i > 0; i--){
 33e:	81 50       	subi	r24, 0x01	; 1
 340:	d9 f7       	brne	.-10     	; 0x338 <__stack+0xd9>
/home/matheo/snap/arduino-cli/62/.arduino15/packages/digistump/hardware/avr/1.7.5/libraries/DigisparkKeyboard/usbdrv.c:603
        uchar usbLineStatus = USBIN & USBMASK;
        if(usbLineStatus != 0)  /* SE0 has ended */
            goto isNotReset;
    }
    /* RESET condition, called multiple times during reset */
    usbNewDeviceAddr = 0;
 342:	10 92 d6 00 	sts	0x00D6, r1	; 0x8000d6 <usbNewDeviceAddr>
/home/matheo/snap/arduino-cli/62/.arduino15/packages/digistump/hardware/avr/1.7.5/libraries/DigisparkKeyboard/usbdrv.c:604
    usbDeviceAddr = 0;
 346:	10 92 d2 00 	sts	0x00D2, r1	; 0x8000d2 <usbDeviceAddr>
usbHandleResetHook():
/home/matheo/snap/arduino-cli/62/.arduino15/packages/digistump/hardware/avr/1.7.5/libraries/DigisparkKeyboard/usbdrv.c:560

static inline void usbHandleResetHook(uchar notResetState)
{
#ifdef USB_RESET_HOOK
static uchar    wasReset;
uchar           isReset = !notResetState;
 34a:	dd 24       	eor	r13, r13
 34c:	d3 94       	inc	r13
 34e:	81 11       	cpse	r24, r1
 350:	d1 2c       	mov	r13, r1
/home/matheo/snap/arduino-cli/62/.arduino15/packages/digistump/hardware/avr/1.7.5/libraries/DigisparkKeyboard/usbdrv.c:562

    if(wasReset != isReset){
 352:	90 91 aa 00 	lds	r25, 0x00AA	; 0x8000aa <wasReset.1788>
 356:	d9 16       	cp	r13, r25
 358:	39 f1       	breq	.+78     	; 0x3a8 <__stack+0x149>
/home/matheo/snap/arduino-cli/62/.arduino15/packages/digistump/hardware/avr/1.7.5/libraries/DigisparkKeyboard/usbdrv.c:563
        USB_RESET_HOOK(isReset);
 35a:	88 23       	and	r24, r24
 35c:	19 f1       	breq	.+70     	; 0x3a4 <__stack+0x145>
 35e:	f8 94       	cli
 360:	08 e0       	ldi	r16, 0x08	; 8
 362:	10 e0       	ldi	r17, 0x00	; 0
usbPoll():
/home/matheo/snap/arduino-cli/62/.arduino15/packages/digistump/hardware/avr/1.7.5/libraries/DigisparkKeyboard/osccal.c:29
 * optimize this value with a neighboorhod search.
 */
void    calibrateOscillator(void)
{
uchar       step = 128;
uchar       trialValue = 0, optimumValue;
 364:	c0 e0       	ldi	r28, 0x00	; 0
/home/matheo/snap/arduino-cli/62/.arduino15/packages/digistump/hardware/avr/1.7.5/libraries/DigisparkKeyboard/osccal.c:28
 * a USB RESET. We first do a binary search for the OSCCAL value and then
 * optimize this value with a neighboorhod search.
 */
void    calibrateOscillator(void)
{
uchar       step = 128;
 366:	d0 e8       	ldi	r29, 0x80	; 128
calibrateOscillator():
/home/matheo/snap/arduino-cli/62/.arduino15/packages/digistump/hardware/avr/1.7.5/libraries/DigisparkKeyboard/osccal.c:34
uchar       trialValue = 0, optimumValue;
int         x, optimumDev, targetValue = (unsigned)(1499 * (double)F_CPU / 10.5e6 + 0.5);

    /* do a binary search: */
    do{
        OSCCAL = trialValue + step;
 368:	cd 2e       	mov	r12, r29
 36a:	cc 0e       	add	r12, r28
 36c:	c1 be       	out	0x31, r12	; 49
/home/matheo/snap/arduino-cli/62/.arduino15/packages/digistump/hardware/avr/1.7.5/libraries/DigisparkKeyboard/osccal.c:35
        x = usbMeasureFrameLength();    /* proportional to current real frequency */
 36e:	c0 d1       	rcall	.+896    	; 0x6f0 <usbMeasureFrameLength>
 370:	7c 01       	movw	r14, r24
/home/matheo/snap/arduino-cli/62/.arduino15/packages/digistump/hardware/avr/1.7.5/libraries/DigisparkKeyboard/osccal.c:36
        if(x < targetValue)             /* frequency still too low */
 372:	8c ee       	ldi	r24, 0xEC	; 236
 374:	e8 16       	cp	r14, r24
 376:	88 e0       	ldi	r24, 0x08	; 8
 378:	f8 06       	cpc	r15, r24
 37a:	0c f4       	brge	.+2      	; 0x37e <__stack+0x11f>
usbPoll():
/home/matheo/snap/arduino-cli/62/.arduino15/packages/digistump/hardware/avr/1.7.5/libraries/DigisparkKeyboard/osccal.c:37
            trialValue += step;
 37c:	cc 2d       	mov	r28, r12
calibrateOscillator():
/home/matheo/snap/arduino-cli/62/.arduino15/packages/digistump/hardware/avr/1.7.5/libraries/DigisparkKeyboard/osccal.c:38
        step >>= 1;
 37e:	d6 95       	lsr	r29
 380:	01 50       	subi	r16, 0x01	; 1
 382:	11 09       	sbc	r17, r1
/home/matheo/snap/arduino-cli/62/.arduino15/packages/digistump/hardware/avr/1.7.5/libraries/DigisparkKeyboard/osccal.c:39
    }while(step > 0);
 384:	89 f7       	brne	.-30     	; 0x368 <__stack+0x109>
/home/matheo/snap/arduino-cli/62/.arduino15/packages/digistump/hardware/avr/1.7.5/libraries/DigisparkKeyboard/osccal.c:44
    /* We have a precision of +/- 1 for optimum OSCCAL here */
    /* now do a neighborhood search for optimum value */
    optimumValue = trialValue;
    optimumDev = x; /* this is certainly far away from optimum */
    for(OSCCAL = trialValue - 1; OSCCAL <= trialValue + 1; OSCCAL++){
 386:	8f ef       	ldi	r24, 0xFF	; 255
 388:	8c 0f       	add	r24, r28
 38a:	81 bf       	out	0x31, r24	; 49
 38c:	0c 2f       	mov	r16, r28
 38e:	10 e0       	ldi	r17, 0x00	; 0
 390:	0f 5f       	subi	r16, 0xFF	; 255
 392:	1f 4f       	sbci	r17, 0xFF	; 255
 394:	81 b7       	in	r24, 0x31	; 49
 396:	80 17       	cp	r24, r16
 398:	11 06       	cpc	r1, r17
 39a:	09 f0       	breq	.+2      	; 0x39e <__stack+0x13f>
 39c:	0c f4       	brge	.+2      	; 0x3a0 <__stack+0x141>
 39e:	93 c0       	rjmp	.+294    	; 0x4c6 <__LOCK_REGION_LENGTH__+0xc6>
/home/matheo/snap/arduino-cli/62/.arduino15/packages/digistump/hardware/avr/1.7.5/libraries/DigisparkKeyboard/osccal.c:53
        if(x < optimumDev){
            optimumDev = x;
            optimumValue = OSCCAL;
        }
    }
    OSCCAL = optimumValue;
 3a0:	c1 bf       	out	0x31, r28	; 49
usbHandleResetHook():
/home/matheo/snap/arduino-cli/62/.arduino15/packages/digistump/hardware/avr/1.7.5/libraries/DigisparkKeyboard/usbdrv.c:563
 3a2:	78 94       	sei
/home/matheo/snap/arduino-cli/62/.arduino15/packages/digistump/hardware/avr/1.7.5/libraries/DigisparkKeyboard/usbdrv.c:564
        wasReset = isReset;
 3a4:	d0 92 aa 00 	sts	0x00AA, r13	; 0x8000aa <wasReset.1788>
usbPoll():
/home/matheo/snap/arduino-cli/62/.arduino15/packages/digistump/hardware/avr/1.7.5/libraries/DigisparkKeyboard/usbdrv.c:609
    usbDeviceAddr = 0;
    usbResetStall();
    DBG1(0xff, 0, 0);
isNotReset:
    usbHandleResetHook(i);
}
 3a8:	df 91       	pop	r29
 3aa:	cf 91       	pop	r28
 3ac:	1f 91       	pop	r17
 3ae:	0f 91       	pop	r16
 3b0:	ff 90       	pop	r15
 3b2:	ef 90       	pop	r14
 3b4:	df 90       	pop	r13
 3b6:	cf 90       	pop	r12
 3b8:	08 95       	ret
usbDriverSetup():
/home/matheo/snap/arduino-cli/62/.arduino15/packages/digistump/hardware/avr/1.7.5/libraries/DigisparkKeyboard/usbdrv.c:370
 * standard requests instead of class and custom requests.
 */
static inline usbMsgLen_t usbDriverSetup(usbRequest_t *rq)
{
uchar   len  = 0, *dataPtr = usbTxBuf + 9;  /* there are 2 bytes free space at the end of the buffer */
uchar   value = rq->wValue.bytes[0];
 3ba:	22 81       	ldd	r18, Z+2	; 0x02
/home/matheo/snap/arduino-cli/62/.arduino15/packages/digistump/hardware/avr/1.7.5/libraries/DigisparkKeyboard/usbdrv.c:375
#if USB_CFG_IMPLEMENT_HALT
uchar   index = rq->wIndex.bytes[0];
#endif

    dataPtr[0] = 0; /* default reply common to USBRQ_GET_STATUS and USBRQ_GET_INTERFACE */
 3bc:	10 92 c4 00 	sts	0x00C4, r1	; 0x8000c4 <usbTxBuf+0x9>
/home/matheo/snap/arduino-cli/62/.arduino15/packages/digistump/hardware/avr/1.7.5/libraries/DigisparkKeyboard/usbdrv.c:376
    SWITCH_START(rq->bRequest)
 3c0:	91 81       	ldd	r25, Z+1	; 0x01
/home/matheo/snap/arduino-cli/62/.arduino15/packages/digistump/hardware/avr/1.7.5/libraries/DigisparkKeyboard/usbdrv.c:377
    SWITCH_CASE(USBRQ_GET_STATUS)           /* 0 */
 3c2:	91 11       	cpse	r25, r1
 3c4:	0a c0       	rjmp	.+20     	; 0x3da <__stack+0x17b>
/home/matheo/snap/arduino-cli/62/.arduino15/packages/digistump/hardware/avr/1.7.5/libraries/DigisparkKeyboard/usbdrv.c:385
            dataPtr[0] =  USB_CFG_IS_SELF_POWERED;
#if USB_CFG_IMPLEMENT_HALT
        if(recipient == USBRQ_RCPT_ENDPOINT && index == 0x81)   /* request status for endpoint 1 */
            dataPtr[0] = usbTxLen1 == USBPID_STALL;
#endif
        dataPtr[1] = 0;
 3c6:	10 92 c5 00 	sts	0x00C5, r1	; 0x8000c5 <usbTxBuf+0xa>
usbPoll():
/home/matheo/snap/arduino-cli/62/.arduino15/packages/digistump/hardware/avr/1.7.5/libraries/DigisparkKeyboard/usbdrv.c:369
/* usbDriverSetup() is similar to usbFunctionSetup(), but it's used for
 * standard requests instead of class and custom requests.
 */
static inline usbMsgLen_t usbDriverSetup(usbRequest_t *rq)
{
uchar   len  = 0, *dataPtr = usbTxBuf + 9;  /* there are 2 bytes free space at the end of the buffer */
 3ca:	24 ec       	ldi	r18, 0xC4	; 196
 3cc:	30 e0       	ldi	r19, 0x00	; 0
/home/matheo/snap/arduino-cli/62/.arduino15/packages/digistump/hardware/avr/1.7.5/libraries/DigisparkKeyboard/usbdrv.c:386
#if USB_CFG_IMPLEMENT_HALT
        if(recipient == USBRQ_RCPT_ENDPOINT && index == 0x81)   /* request status for endpoint 1 */
            dataPtr[0] = usbTxLen1 == USBPID_STALL;
#endif
        dataPtr[1] = 0;
        len = 2;
 3ce:	82 e0       	ldi	r24, 0x02	; 2
usbDriverSetup():
/home/matheo/snap/arduino-cli/62/.arduino15/packages/digistump/hardware/avr/1.7.5/libraries/DigisparkKeyboard/usbdrv.c:416
        usbResetStall();
#endif
    SWITCH_DEFAULT                          /* 7=SET_DESCRIPTOR, 12=SYNC_FRAME */
        /* Should we add an optional hook here? */
    SWITCH_END
    usbMsgPtr = dataPtr;
 3d0:	30 93 a9 00 	sts	0x00A9, r19	; 0x8000a9 <usbMsgPtr+0x1>
 3d4:	20 93 a8 00 	sts	0x00A8, r18	; 0x8000a8 <usbMsgPtr>
 3d8:	63 cf       	rjmp	.-314    	; 0x2a0 <__stack+0x41>
/home/matheo/snap/arduino-cli/62/.arduino15/packages/digistump/hardware/avr/1.7.5/libraries/DigisparkKeyboard/usbdrv.c:394
        if(value == 0 && index == 0x81){    /* feature 0 == HALT for endpoint == 1 */
            usbTxLen1 = rq->bRequest == USBRQ_CLEAR_FEATURE ? USBPID_NAK : USBPID_STALL;
            usbResetDataToggling();
        }
#endif
    SWITCH_CASE(USBRQ_SET_ADDRESS)          /* 5 */
 3da:	95 30       	cpi	r25, 0x05	; 5
 3dc:	29 f4       	brne	.+10     	; 0x3e8 <__stack+0x189>
/home/matheo/snap/arduino-cli/62/.arduino15/packages/digistump/hardware/avr/1.7.5/libraries/DigisparkKeyboard/usbdrv.c:395
        usbNewDeviceAddr = value;
 3de:	20 93 d6 00 	sts	0x00D6, r18	; 0x8000d6 <usbNewDeviceAddr>
usbPoll():
/home/matheo/snap/arduino-cli/62/.arduino15/packages/digistump/hardware/avr/1.7.5/libraries/DigisparkKeyboard/usbdrv.c:369
/* usbDriverSetup() is similar to usbFunctionSetup(), but it's used for
 * standard requests instead of class and custom requests.
 */
static inline usbMsgLen_t usbDriverSetup(usbRequest_t *rq)
{
uchar   len  = 0, *dataPtr = usbTxBuf + 9;  /* there are 2 bytes free space at the end of the buffer */
 3e2:	24 ec       	ldi	r18, 0xC4	; 196
 3e4:	30 e0       	ldi	r19, 0x00	; 0
 3e6:	f4 cf       	rjmp	.-24     	; 0x3d0 <__stack+0x171>
usbDriverSetup():
/home/matheo/snap/arduino-cli/62/.arduino15/packages/digistump/hardware/avr/1.7.5/libraries/DigisparkKeyboard/usbdrv.c:397
        }
#endif
    SWITCH_CASE(USBRQ_SET_ADDRESS)          /* 5 */
        usbNewDeviceAddr = value;
        USB_SET_ADDRESS_HOOK();
    SWITCH_CASE(USBRQ_GET_DESCRIPTOR)       /* 6 */
 3e8:	96 30       	cpi	r25, 0x06	; 6
 3ea:	09 f0       	breq	.+2      	; 0x3ee <__stack+0x18f>
 3ec:	4c c0       	rjmp	.+152    	; 0x486 <__LOCK_REGION_LENGTH__+0x86>
 3ee:	93 81       	ldd	r25, Z+3	; 0x03
usbDriverDescriptor.isra.0():
/home/matheo/snap/arduino-cli/62/.arduino15/packages/digistump/hardware/avr/1.7.5/libraries/DigisparkKeyboard/usbdrv.c:316
{
usbMsgLen_t len = 0;
uchar       flags = USB_FLG_MSGPTR_IS_ROM;

    SWITCH_START(rq->wValue.bytes[1])
    SWITCH_CASE(USBDESCR_DEVICE)    /* 1 */
 3f0:	91 30       	cpi	r25, 0x01	; 1
 3f2:	59 f4       	brne	.+22     	; 0x40a <__LOCK_REGION_LENGTH__+0xa>
/home/matheo/snap/arduino-cli/62/.arduino15/packages/digistump/hardware/avr/1.7.5/libraries/DigisparkKeyboard/usbdrv.c:317
        GET_DESCRIPTOR(USB_CFG_DESCR_PROPS_DEVICE, usbDescriptorDevice)
 3f4:	83 ef       	ldi	r24, 0xF3	; 243
 3f6:	90 e0       	ldi	r25, 0x00	; 0
 3f8:	90 93 a9 00 	sts	0x00A9, r25	; 0x8000a9 <usbMsgPtr+0x1>
 3fc:	80 93 a8 00 	sts	0x00A8, r24	; 0x8000a8 <usbMsgPtr>
usbPoll():
 400:	82 e1       	ldi	r24, 0x12	; 18
usbDriverDescriptor.isra.0():
/home/matheo/snap/arduino-cli/62/.arduino15/packages/digistump/hardware/avr/1.7.5/libraries/DigisparkKeyboard/usbdrv.c:358
                    flags = 0;
                }  
            len = usbFunctionDescriptor(rq);
        }
    SWITCH_END
    usbMsgFlags = flags;
 402:	90 e4       	ldi	r25, 0x40	; 64
 404:	90 93 a7 00 	sts	0x00A7, r25	; 0x8000a7 <usbMsgFlags>
 408:	4b cf       	rjmp	.-362    	; 0x2a0 <__stack+0x41>
/home/matheo/snap/arduino-cli/62/.arduino15/packages/digistump/hardware/avr/1.7.5/libraries/DigisparkKeyboard/usbdrv.c:318
uchar       flags = USB_FLG_MSGPTR_IS_ROM;

    SWITCH_START(rq->wValue.bytes[1])
    SWITCH_CASE(USBDESCR_DEVICE)    /* 1 */
        GET_DESCRIPTOR(USB_CFG_DESCR_PROPS_DEVICE, usbDescriptorDevice)
    SWITCH_CASE(USBDESCR_CONFIG)    /* 2 */
 40a:	92 30       	cpi	r25, 0x02	; 2
 40c:	41 f4       	brne	.+16     	; 0x41e <__LOCK_REGION_LENGTH__+0x1e>
/home/matheo/snap/arduino-cli/62/.arduino15/packages/digistump/hardware/avr/1.7.5/libraries/DigisparkKeyboard/usbdrv.c:319
        GET_DESCRIPTOR(USB_CFG_DESCR_PROPS_CONFIGURATION, usbDescriptorConfiguration)
 40e:	81 ed       	ldi	r24, 0xD1	; 209
 410:	90 e0       	ldi	r25, 0x00	; 0
 412:	90 93 a9 00 	sts	0x00A9, r25	; 0x8000a9 <usbMsgPtr+0x1>
 416:	80 93 a8 00 	sts	0x00A8, r24	; 0x8000a8 <usbMsgPtr>
usbPoll():
 41a:	82 e2       	ldi	r24, 0x22	; 34
 41c:	f2 cf       	rjmp	.-28     	; 0x402 <__LOCK_REGION_LENGTH__+0x2>
usbDriverDescriptor.isra.0():
/home/matheo/snap/arduino-cli/62/.arduino15/packages/digistump/hardware/avr/1.7.5/libraries/DigisparkKeyboard/usbdrv.c:320
    SWITCH_CASE(USBDESCR_STRING)    /* 3 */
 41e:	93 30       	cpi	r25, 0x03	; 3
 420:	f1 f4       	brne	.+60     	; 0x45e <__LOCK_REGION_LENGTH__+0x5e>
/home/matheo/snap/arduino-cli/62/.arduino15/packages/digistump/hardware/avr/1.7.5/libraries/DigisparkKeyboard/usbdrv.c:327
        if(USB_CFG_DESCR_PROPS_STRINGS & USB_PROP_IS_RAM)
            flags = 0;
        len = usbFunctionDescriptor(rq);
#else   /* USB_CFG_DESCR_PROPS_STRINGS & USB_PROP_IS_DYNAMIC */
        SWITCH_START(rq->wValue.bytes[0])
        SWITCH_CASE(0)
 422:	21 11       	cpse	r18, r1
 424:	08 c0       	rjmp	.+16     	; 0x436 <__LOCK_REGION_LENGTH__+0x36>
/home/matheo/snap/arduino-cli/62/.arduino15/packages/digistump/hardware/avr/1.7.5/libraries/DigisparkKeyboard/usbdrv.c:328
            GET_DESCRIPTOR(USB_CFG_DESCR_PROPS_STRING_0, usbDescriptorString0)
 426:	8d ec       	ldi	r24, 0xCD	; 205
 428:	90 e0       	ldi	r25, 0x00	; 0
 42a:	90 93 a9 00 	sts	0x00A9, r25	; 0x8000a9 <usbMsgPtr+0x1>
 42e:	80 93 a8 00 	sts	0x00A8, r24	; 0x8000a8 <usbMsgPtr>
usbPoll():
 432:	84 e0       	ldi	r24, 0x04	; 4
 434:	e6 cf       	rjmp	.-52     	; 0x402 <__LOCK_REGION_LENGTH__+0x2>
usbDriverDescriptor.isra.0():
/home/matheo/snap/arduino-cli/62/.arduino15/packages/digistump/hardware/avr/1.7.5/libraries/DigisparkKeyboard/usbdrv.c:329
        SWITCH_CASE(1)
 436:	21 30       	cpi	r18, 0x01	; 1
 438:	41 f4       	brne	.+16     	; 0x44a <__LOCK_REGION_LENGTH__+0x4a>
/home/matheo/snap/arduino-cli/62/.arduino15/packages/digistump/hardware/avr/1.7.5/libraries/DigisparkKeyboard/usbdrv.c:330
            GET_DESCRIPTOR(USB_CFG_DESCR_PROPS_STRING_VENDOR, usbDescriptorStringVendor)
 43a:	81 eb       	ldi	r24, 0xB1	; 177
 43c:	90 e0       	ldi	r25, 0x00	; 0
 43e:	90 93 a9 00 	sts	0x00A9, r25	; 0x8000a9 <usbMsgPtr+0x1>
 442:	80 93 a8 00 	sts	0x00A8, r24	; 0x8000a8 <usbMsgPtr>
usbPoll():
 446:	8c e1       	ldi	r24, 0x1C	; 28
 448:	dc cf       	rjmp	.-72     	; 0x402 <__LOCK_REGION_LENGTH__+0x2>
usbDriverDescriptor.isra.0():
/home/matheo/snap/arduino-cli/62/.arduino15/packages/digistump/hardware/avr/1.7.5/libraries/DigisparkKeyboard/usbdrv.c:331
        SWITCH_CASE(2)
 44a:	22 30       	cpi	r18, 0x02	; 2
 44c:	d1 f6       	brne	.-76     	; 0x402 <__LOCK_REGION_LENGTH__+0x2>
/home/matheo/snap/arduino-cli/62/.arduino15/packages/digistump/hardware/avr/1.7.5/libraries/DigisparkKeyboard/usbdrv.c:332
            GET_DESCRIPTOR(USB_CFG_DESCR_PROPS_STRING_PRODUCT, usbDescriptorStringDevice)
 44e:	81 ea       	ldi	r24, 0xA1	; 161
 450:	90 e0       	ldi	r25, 0x00	; 0
 452:	90 93 a9 00 	sts	0x00A9, r25	; 0x8000a9 <usbMsgPtr+0x1>
 456:	80 93 a8 00 	sts	0x00A8, r24	; 0x8000a8 <usbMsgPtr>
usbPoll():
 45a:	80 e1       	ldi	r24, 0x10	; 16
 45c:	d2 cf       	rjmp	.-92     	; 0x402 <__LOCK_REGION_LENGTH__+0x2>
usbDriverDescriptor.isra.0():
/home/matheo/snap/arduino-cli/62/.arduino15/packages/digistump/hardware/avr/1.7.5/libraries/DigisparkKeyboard/usbdrv.c:345
                len = usbFunctionDescriptor(rq);
            }
        SWITCH_END
#endif  /* USB_CFG_DESCR_PROPS_STRINGS & USB_PROP_IS_DYNAMIC */
#if USB_CFG_DESCR_PROPS_HID_REPORT  /* only support HID descriptors if enabled */
    SWITCH_CASE(USBDESCR_HID)       /* 0x21 */
 45e:	91 32       	cpi	r25, 0x21	; 33
 460:	41 f4       	brne	.+16     	; 0x472 <__LOCK_REGION_LENGTH__+0x72>
/home/matheo/snap/arduino-cli/62/.arduino15/packages/digistump/hardware/avr/1.7.5/libraries/DigisparkKeyboard/usbdrv.c:346
        GET_DESCRIPTOR(USB_CFG_DESCR_PROPS_HID, usbDescriptorConfiguration + 18)
 462:	83 ee       	ldi	r24, 0xE3	; 227
 464:	90 e0       	ldi	r25, 0x00	; 0
 466:	90 93 a9 00 	sts	0x00A9, r25	; 0x8000a9 <usbMsgPtr+0x1>
 46a:	80 93 a8 00 	sts	0x00A8, r24	; 0x8000a8 <usbMsgPtr>
usbPoll():
 46e:	89 e0       	ldi	r24, 0x09	; 9
 470:	c8 cf       	rjmp	.-112    	; 0x402 <__LOCK_REGION_LENGTH__+0x2>
usbDriverDescriptor.isra.0():
/home/matheo/snap/arduino-cli/62/.arduino15/packages/digistump/hardware/avr/1.7.5/libraries/DigisparkKeyboard/usbdrv.c:347
    SWITCH_CASE(USBDESCR_HID_REPORT)/* 0x22 */
 472:	92 32       	cpi	r25, 0x22	; 34
 474:	31 f6       	brne	.-116    	; 0x402 <__LOCK_REGION_LENGTH__+0x2>
/home/matheo/snap/arduino-cli/62/.arduino15/packages/digistump/hardware/avr/1.7.5/libraries/DigisparkKeyboard/usbdrv.c:348
        GET_DESCRIPTOR(USB_CFG_DESCR_PROPS_HID_REPORT, usbDescriptorHidReport)
 476:	8e e7       	ldi	r24, 0x7E	; 126
 478:	90 e0       	ldi	r25, 0x00	; 0
 47a:	90 93 a9 00 	sts	0x00A9, r25	; 0x8000a9 <usbMsgPtr+0x1>
 47e:	80 93 a8 00 	sts	0x00A8, r24	; 0x8000a8 <usbMsgPtr>
usbPoll():
 482:	83 e2       	ldi	r24, 0x23	; 35
 484:	be cf       	rjmp	.-132    	; 0x402 <__LOCK_REGION_LENGTH__+0x2>
usbDriverSetup():
/home/matheo/snap/arduino-cli/62/.arduino15/packages/digistump/hardware/avr/1.7.5/libraries/DigisparkKeyboard/usbdrv.c:400
        usbNewDeviceAddr = value;
        USB_SET_ADDRESS_HOOK();
    SWITCH_CASE(USBRQ_GET_DESCRIPTOR)       /* 6 */
        len = usbDriverDescriptor(rq);
        goto skipMsgPtrAssignment;
    SWITCH_CASE(USBRQ_GET_CONFIGURATION)    /* 8 */
 486:	98 30       	cpi	r25, 0x08	; 8
 488:	71 f0       	breq	.+28     	; 0x4a6 <__LOCK_REGION_LENGTH__+0xa6>
/home/matheo/snap/arduino-cli/62/.arduino15/packages/digistump/hardware/avr/1.7.5/libraries/DigisparkKeyboard/usbdrv.c:403
        dataPtr = &usbConfiguration;  /* send current configuration value */
        len = 1;
    SWITCH_CASE(USBRQ_SET_CONFIGURATION)    /* 9 */
 48a:	99 30       	cpi	r25, 0x09	; 9
 48c:	19 f4       	brne	.+6      	; 0x494 <__LOCK_REGION_LENGTH__+0x94>
/home/matheo/snap/arduino-cli/62/.arduino15/packages/digistump/hardware/avr/1.7.5/libraries/DigisparkKeyboard/usbdrv.c:404
        usbConfiguration = value;
 48e:	20 93 a6 00 	sts	0x00A6, r18	; 0x8000a6 <__data_end>
 492:	a7 cf       	rjmp	.-178    	; 0x3e2 <__stack+0x183>
/home/matheo/snap/arduino-cli/62/.arduino15/packages/digistump/hardware/avr/1.7.5/libraries/DigisparkKeyboard/usbdrv.c:406
        usbResetStall();
    SWITCH_CASE(USBRQ_GET_INTERFACE)        /* 10 */
 494:	9a 30       	cpi	r25, 0x0A	; 10
 496:	59 f0       	breq	.+22     	; 0x4ae <__LOCK_REGION_LENGTH__+0xae>
/home/matheo/snap/arduino-cli/62/.arduino15/packages/digistump/hardware/avr/1.7.5/libraries/DigisparkKeyboard/usbdrv.c:409
        len = 1;
#if USB_CFG_HAVE_INTRIN_ENDPOINT && !USB_CFG_SUPPRESS_INTR_CODE
    SWITCH_CASE(USBRQ_SET_INTERFACE)        /* 11 */
 498:	9b 30       	cpi	r25, 0x0B	; 11
 49a:	09 f0       	breq	.+2      	; 0x49e <__LOCK_REGION_LENGTH__+0x9e>
 49c:	a2 cf       	rjmp	.-188    	; 0x3e2 <__stack+0x183>
usbResetDataToggling():
/home/matheo/snap/arduino-cli/62/.arduino15/packages/digistump/hardware/avr/1.7.5/libraries/DigisparkKeyboard/usbdrv.c:199
/* ------------------------------------------------------------------------- */

static inline void  usbResetDataToggling(void)
{
#if USB_CFG_HAVE_INTRIN_ENDPOINT && !USB_CFG_SUPPRESS_INTR_CODE
    USB_SET_DATATOKEN1(USB_INITIAL_DATATOKEN);  /* reset data toggling for interrupt endpoint */
 49e:	9b e4       	ldi	r25, 0x4B	; 75
 4a0:	90 93 c7 00 	sts	0x00C7, r25	; 0x8000c7 <usbTxStatus1+0x1>
 4a4:	9e cf       	rjmp	.-196    	; 0x3e2 <__stack+0x183>
usbPoll():
/home/matheo/snap/arduino-cli/62/.arduino15/packages/digistump/hardware/avr/1.7.5/libraries/DigisparkKeyboard/usbdrv.c:401
        USB_SET_ADDRESS_HOOK();
    SWITCH_CASE(USBRQ_GET_DESCRIPTOR)       /* 6 */
        len = usbDriverDescriptor(rq);
        goto skipMsgPtrAssignment;
    SWITCH_CASE(USBRQ_GET_CONFIGURATION)    /* 8 */
        dataPtr = &usbConfiguration;  /* send current configuration value */
 4a6:	26 ea       	ldi	r18, 0xA6	; 166
 4a8:	30 e0       	ldi	r19, 0x00	; 0
/home/matheo/snap/arduino-cli/62/.arduino15/packages/digistump/hardware/avr/1.7.5/libraries/DigisparkKeyboard/usbdrv.c:407
        len = 1;
    SWITCH_CASE(USBRQ_SET_CONFIGURATION)    /* 9 */
        usbConfiguration = value;
        usbResetStall();
    SWITCH_CASE(USBRQ_GET_INTERFACE)        /* 10 */
        len = 1;
 4aa:	81 e0       	ldi	r24, 0x01	; 1
 4ac:	91 cf       	rjmp	.-222    	; 0x3d0 <__stack+0x171>
/home/matheo/snap/arduino-cli/62/.arduino15/packages/digistump/hardware/avr/1.7.5/libraries/DigisparkKeyboard/usbdrv.c:369
/* usbDriverSetup() is similar to usbFunctionSetup(), but it's used for
 * standard requests instead of class and custom requests.
 */
static inline usbMsgLen_t usbDriverSetup(usbRequest_t *rq)
{
uchar   len  = 0, *dataPtr = usbTxBuf + 9;  /* there are 2 bytes free space at the end of the buffer */
 4ae:	24 ec       	ldi	r18, 0xC4	; 196
 4b0:	30 e0       	ldi	r19, 0x00	; 0
 4b2:	fb cf       	rjmp	.-10     	; 0x4aa <__LOCK_REGION_LENGTH__+0xaa>
 4b4:	da 01       	movw	r26, r20
 4b6:	ec eb       	ldi	r30, 0xBC	; 188
 4b8:	f0 e0       	ldi	r31, 0x00	; 0
usbDeviceRead():
/home/matheo/snap/arduino-cli/62/.arduino15/packages/digistump/hardware/avr/1.7.5/libraries/DigisparkKeyboard/usbdrv.c:508
        }else
#endif
        {
            uchar i = len;
            usbMsgPtr_t r = usbMsgPtr;
            if(usbMsgFlags & USB_FLG_MSGPTR_IS_ROM){    /* ROM data */
 4ba:	9c 2f       	mov	r25, r28
/home/matheo/snap/arduino-cli/62/.arduino15/packages/digistump/hardware/avr/1.7.5/libraries/DigisparkKeyboard/usbdrv.c:516
                    *data++ = c;
                    r++;
                }while(--i);
            }else{  /* RAM data */
                do{
                    *data++ = *r++;
 4bc:	8d 91       	ld	r24, X+
 4be:	81 93       	st	Z+, r24
/home/matheo/snap/arduino-cli/62/.arduino15/packages/digistump/hardware/avr/1.7.5/libraries/DigisparkKeyboard/usbdrv.c:517
                }while(--i);
 4c0:	91 50       	subi	r25, 0x01	; 1
 4c2:	e1 f7       	brne	.-8      	; 0x4bc <__LOCK_REGION_LENGTH__+0xbc>
 4c4:	21 cf       	rjmp	.-446    	; 0x308 <__stack+0xa9>
calibrateOscillator():
/home/matheo/snap/arduino-cli/62/.arduino15/packages/digistump/hardware/avr/1.7.5/libraries/DigisparkKeyboard/osccal.c:45
    /* We have a precision of +/- 1 for optimum OSCCAL here */
    /* now do a neighborhood search for optimum value */
    optimumValue = trialValue;
    optimumDev = x; /* this is certainly far away from optimum */
    for(OSCCAL = trialValue - 1; OSCCAL <= trialValue + 1; OSCCAL++){
        x = usbMeasureFrameLength() - targetValue;
 4c6:	14 d1       	rcall	.+552    	; 0x6f0 <usbMeasureFrameLength>
 4c8:	8c 5e       	subi	r24, 0xEC	; 236
 4ca:	98 40       	sbci	r25, 0x08	; 8
 4cc:	97 ff       	sbrs	r25, 7
 4ce:	03 c0       	rjmp	.+6      	; 0x4d6 <__LOCK_REGION_LENGTH__+0xd6>
 4d0:	91 95       	neg	r25
 4d2:	81 95       	neg	r24
 4d4:	91 09       	sbc	r25, r1
/home/matheo/snap/arduino-cli/62/.arduino15/packages/digistump/hardware/avr/1.7.5/libraries/DigisparkKeyboard/osccal.c:48
        if(x < 0)
            x = -x;
        if(x < optimumDev){
 4d6:	8e 15       	cp	r24, r14
 4d8:	9f 05       	cpc	r25, r15
 4da:	14 f4       	brge	.+4      	; 0x4e0 <__LOCK_REGION_LENGTH__+0xe0>
/home/matheo/snap/arduino-cli/62/.arduino15/packages/digistump/hardware/avr/1.7.5/libraries/DigisparkKeyboard/osccal.c:50
            optimumDev = x;
            optimumValue = OSCCAL;
 4dc:	c1 b7       	in	r28, 0x31	; 49
 4de:	7c 01       	movw	r14, r24
/home/matheo/snap/arduino-cli/62/.arduino15/packages/digistump/hardware/avr/1.7.5/libraries/DigisparkKeyboard/osccal.c:44
    }while(step > 0);
    /* We have a precision of +/- 1 for optimum OSCCAL here */
    /* now do a neighborhood search for optimum value */
    optimumValue = trialValue;
    optimumDev = x; /* this is certainly far away from optimum */
    for(OSCCAL = trialValue - 1; OSCCAL <= trialValue + 1; OSCCAL++){
 4e0:	81 b7       	in	r24, 0x31	; 49
 4e2:	8f 5f       	subi	r24, 0xFF	; 255
 4e4:	81 bf       	out	0x31, r24	; 49
 4e6:	56 cf       	rjmp	.-340    	; 0x394 <__stack+0x135>

000004e8 <DigiKeyboardDevice::delay(long) [clone .isra.1]>:
_ZN18DigiKeyboardDevice5delayEl.isra.1():
/home/matheo/snap/arduino-cli/62/.arduino15/packages/digistump/hardware/avr/1.7.5/libraries/DigisparkKeyboard/DigiKeyboard.h:88
    void update() {
        usbPoll();
    }

    // delay while updating until we are finished delaying
    void delay(long milli) {
 4e8:	8f 92       	push	r8
 4ea:	9f 92       	push	r9
 4ec:	af 92       	push	r10
 4ee:	bf 92       	push	r11
 4f0:	cf 92       	push	r12
 4f2:	df 92       	push	r13
 4f4:	ef 92       	push	r14
 4f6:	ff 92       	push	r15
 4f8:	6b 01       	movw	r12, r22
 4fa:	7c 01       	movw	r14, r24
millis():
/home/matheo/snap/arduino-cli/62/.arduino15/packages/digistump/hardware/avr/1.7.5/cores/tiny/wiring.c:124
}

unsigned long millis()
{
  unsigned long m;
  uint8_t oldSREG = SREG;
 4fc:	2f b7       	in	r18, 0x3f	; 63
/home/matheo/snap/arduino-cli/62/.arduino15/packages/digistump/hardware/avr/1.7.5/cores/tiny/wiring.c:128

  // disable interrupts while we read millis_timer_millis or we might get an
  // inconsistent value (e.g. in the middle of a write to millis_timer_millis)
  cli();
 4fe:	f8 94       	cli
/home/matheo/snap/arduino-cli/62/.arduino15/packages/digistump/hardware/avr/1.7.5/cores/tiny/wiring.c:129
  m = millis_timer_millis;
 500:	80 91 b0 00 	lds	r24, 0x00B0	; 0x8000b0 <millis_timer_millis>
 504:	90 91 b1 00 	lds	r25, 0x00B1	; 0x8000b1 <millis_timer_millis+0x1>
 508:	a0 91 b2 00 	lds	r26, 0x00B2	; 0x8000b2 <millis_timer_millis+0x2>
 50c:	b0 91 b3 00 	lds	r27, 0x00B3	; 0x8000b3 <millis_timer_millis+0x3>
/home/matheo/snap/arduino-cli/62/.arduino15/packages/digistump/hardware/avr/1.7.5/cores/tiny/wiring.c:130
  SREG = oldSREG;
 510:	2f bf       	out	0x3f, r18	; 63
/home/matheo/snap/arduino-cli/62/.arduino15/packages/digistump/hardware/avr/1.7.5/cores/tiny/wiring.c:124
}

unsigned long millis()
{
  unsigned long m;
  uint8_t oldSREG = SREG;
 512:	2f b7       	in	r18, 0x3f	; 63
/home/matheo/snap/arduino-cli/62/.arduino15/packages/digistump/hardware/avr/1.7.5/cores/tiny/wiring.c:128

  // disable interrupts while we read millis_timer_millis or we might get an
  // inconsistent value (e.g. in the middle of a write to millis_timer_millis)
  cli();
 514:	f8 94       	cli
/home/matheo/snap/arduino-cli/62/.arduino15/packages/digistump/hardware/avr/1.7.5/cores/tiny/wiring.c:129
  m = millis_timer_millis;
 516:	80 90 b0 00 	lds	r8, 0x00B0	; 0x8000b0 <millis_timer_millis>
 51a:	90 90 b1 00 	lds	r9, 0x00B1	; 0x8000b1 <millis_timer_millis+0x1>
 51e:	a0 90 b2 00 	lds	r10, 0x00B2	; 0x8000b2 <millis_timer_millis+0x2>
 522:	b0 90 b3 00 	lds	r11, 0x00B3	; 0x8000b3 <millis_timer_millis+0x3>
/home/matheo/snap/arduino-cli/62/.arduino15/packages/digistump/hardware/avr/1.7.5/cores/tiny/wiring.c:130
  SREG = oldSREG;
 526:	2f bf       	out	0x3f, r18	; 63
_ZN18DigiKeyboardDevice5delayEl.isra.1():
/home/matheo/snap/arduino-cli/62/.arduino15/packages/digistump/hardware/avr/1.7.5/libraries/DigisparkKeyboard/DigiKeyboard.h:92
        unsigned long last = millis();
        while (milli > 0) {
            unsigned long now = millis();
            milli -= now - last;
 528:	c8 18       	sub	r12, r8
 52a:	d9 08       	sbc	r13, r9
 52c:	ea 08       	sbc	r14, r10
 52e:	fb 08       	sbc	r15, r11
 530:	c8 0e       	add	r12, r24
 532:	d9 1e       	adc	r13, r25
 534:	ea 1e       	adc	r14, r26
 536:	fb 1e       	adc	r15, r27
_ZN18DigiKeyboardDevice6updateEv():
/home/matheo/snap/arduino-cli/62/.arduino15/packages/digistump/hardware/avr/1.7.5/libraries/DigisparkKeyboard/DigiKeyboard.h:84
        memset(reportBuffer, 0, sizeof(reportBuffer));
        usbSetInterrupt(reportBuffer, sizeof(reportBuffer));
    }

    void update() {
        usbPoll();
 538:	85 de       	rcall	.-758    	; 0x244 <usbPoll>
_ZN18DigiKeyboardDevice5delayEl.isra.1():
/home/matheo/snap/arduino-cli/62/.arduino15/packages/digistump/hardware/avr/1.7.5/libraries/DigisparkKeyboard/DigiKeyboard.h:93
    void delay(long milli) {
        unsigned long last = millis();
        while (milli > 0) {
            unsigned long now = millis();
            milli -= now - last;
            last = now;
 53a:	d5 01       	movw	r26, r10
 53c:	c4 01       	movw	r24, r8
/home/matheo/snap/arduino-cli/62/.arduino15/packages/digistump/hardware/avr/1.7.5/libraries/DigisparkKeyboard/DigiKeyboard.h:90
    }

    // delay while updating until we are finished delaying
    void delay(long milli) {
        unsigned long last = millis();
        while (milli > 0) {
 53e:	1c 14       	cp	r1, r12
 540:	1d 04       	cpc	r1, r13
 542:	1e 04       	cpc	r1, r14
 544:	1f 04       	cpc	r1, r15
 546:	2c f3       	brlt	.-54     	; 0x512 <DigiKeyboardDevice::delay(long) [clone .isra.1]+0x2a>
/home/matheo/snap/arduino-cli/62/.arduino15/packages/digistump/hardware/avr/1.7.5/libraries/DigisparkKeyboard/DigiKeyboard.h:96
            unsigned long now = millis();
            milli -= now - last;
            last = now;
            update();
        }
    }
 548:	ff 90       	pop	r15
 54a:	ef 90       	pop	r14
 54c:	df 90       	pop	r13
 54e:	cf 90       	pop	r12
 550:	bf 90       	pop	r11
 552:	af 90       	pop	r10
 554:	9f 90       	pop	r9
 556:	8f 90       	pop	r8
 558:	08 95       	ret

0000055a <DigiKeyboardDevice::sendKeyPress(unsigned char, unsigned char)>:
sendKeyPress():
/home/matheo/snap/arduino-cli/62/.arduino15/packages/digistump/hardware/avr/1.7.5/libraries/DigisparkKeyboard/DigiKeyboard.h:138
        sendKeyPress(keyPress, 0);
    }

    //sendKeyPress: sends a key press only, with modifiers - no release
    //to release the key, send again with keyPress=0
    void sendKeyPress(byte keyPress, byte modifiers) {
 55a:	0f 93       	push	r16
 55c:	1f 93       	push	r17
 55e:	cf 93       	push	r28
 560:	df 93       	push	r29
 562:	ec 01       	movw	r28, r24
 564:	16 2f       	mov	r17, r22
 566:	04 2f       	mov	r16, r20
/home/matheo/snap/arduino-cli/62/.arduino15/packages/digistump/hardware/avr/1.7.5/libraries/DigisparkKeyboard/DigiKeyboard.h:139
        while (!usbInterruptIsReady()) {
 568:	80 91 c6 00 	lds	r24, 0x00C6	; 0x8000c6 <usbTxStatus1>
 56c:	84 fd       	sbrc	r24, 4
 56e:	08 c0       	rjmp	.+16     	; 0x580 <DigiKeyboardDevice::sendKeyPress(unsigned char, unsigned char)+0x26>
/home/matheo/snap/arduino-cli/62/.arduino15/packages/digistump/hardware/avr/1.7.5/libraries/DigisparkKeyboard/DigiKeyboard.h:143
            // Note: We wait until we can send keyPress
            //       so we know the previous keyPress was
            //       sent.
            usbPoll();
 570:	69 de       	rcall	.-814    	; 0x244 <usbPoll>
_delay_ms():
/home/matheo/snap/arduino-cli/62/.arduino15/packages/arduino/tools/avr-gcc/7.3.0-atmel3.6.1-arduino7/avr/include/util/delay.h:187
	#else
		//round up by default
		__ticks_dc = (uint32_t)(ceil(fabs(__tmp)));
	#endif

	__builtin_avr_delay_cycles(__ticks_dc);
 572:	8f e1       	ldi	r24, 0x1F	; 31
 574:	9e e4       	ldi	r25, 0x4E	; 78
 576:	01 97       	sbiw	r24, 0x01	; 1
 578:	f1 f7       	brne	.-4      	; 0x576 <DigiKeyboardDevice::sendKeyPress(unsigned char, unsigned char)+0x1c>
 57a:	00 c0       	rjmp	.+0      	; 0x57c <DigiKeyboardDevice::sendKeyPress(unsigned char, unsigned char)+0x22>
 57c:	00 00       	nop
 57e:	f4 cf       	rjmp	.-24     	; 0x568 <DigiKeyboardDevice::sendKeyPress(unsigned char, unsigned char)+0xe>
sendKeyPress():
/home/matheo/snap/arduino-cli/62/.arduino15/packages/digistump/hardware/avr/1.7.5/libraries/DigisparkKeyboard/DigiKeyboard.h:149
            _delay_ms(5);
        }

        memset(reportBuffer, 0, sizeof(reportBuffer));

        reportBuffer[0] = modifiers;
 580:	0d 83       	std	Y+5, r16	; 0x05
/home/matheo/snap/arduino-cli/62/.arduino15/packages/digistump/hardware/avr/1.7.5/libraries/DigisparkKeyboard/DigiKeyboard.h:150
        reportBuffer[1] = keyPress;
 582:	1e 83       	std	Y+6, r17	; 0x06
usbSetInterrupt():
/home/matheo/snap/arduino-cli/62/.arduino15/packages/digistump/hardware/avr/1.7.5/libraries/DigisparkKeyboard/usbdrv.c:246
    DBG2(0x21 + (((int)txStatus >> 3) & 3), txStatus->buffer, len + 3);
}

USB_PUBLIC void usbSetInterrupt(uchar *data, uchar len)
{
    usbGenericSetInterrupt(data, len, &usbTxStatus1);
 584:	ce 01       	movw	r24, r28
 586:	05 96       	adiw	r24, 0x05	; 5
sendKeyPress():
/home/matheo/snap/arduino-cli/62/.arduino15/packages/digistump/hardware/avr/1.7.5/libraries/DigisparkKeyboard/DigiKeyboard.h:153

        usbSetInterrupt(reportBuffer, sizeof(reportBuffer));
    }
 588:	df 91       	pop	r29
 58a:	cf 91       	pop	r28
 58c:	1f 91       	pop	r17
 58e:	0f 91       	pop	r16
usbSetInterrupt():
/home/matheo/snap/arduino-cli/62/.arduino15/packages/digistump/hardware/avr/1.7.5/libraries/DigisparkKeyboard/usbdrv.c:246
 590:	30 ce       	rjmp	.-928    	; 0x1f2 <usbGenericSetInterrupt.constprop.7>

00000592 <DigiKeyboardDevice::write(unsigned char)>:
write():
/home/matheo/snap/arduino-cli/62/.arduino15/packages/digistump/hardware/avr/1.7.5/libraries/DigisparkKeyboard/DigiKeyboard.h:187
    }

    /*
     * Convert ASCII to USB code
     */
    size_t write(uint8_t chr) {
 592:	ff 92       	push	r15
 594:	0f 93       	push	r16
 596:	1f 93       	push	r17
 598:	cf 93       	push	r28
 59a:	df 93       	push	r29
/home/matheo/snap/arduino-cli/62/.arduino15/packages/digistump/hardware/avr/1.7.5/libraries/DigisparkKeyboard/DigiKeyboard.h:189
        uint8_t data = 0;
        if (chr == '\b') {
 59c:	68 30       	cpi	r22, 0x08	; 8
 59e:	c9 f0       	breq	.+50     	; 0x5d2 <DigiKeyboardDevice::write(unsigned char)+0x40>
/home/matheo/snap/arduino-cli/62/.arduino15/packages/digistump/hardware/avr/1.7.5/libraries/DigisparkKeyboard/DigiKeyboard.h:191
            data = (uint8_t) KEY_BACKSPACE; // 0x08
        } else if (chr == '\t') {
 5a0:	69 30       	cpi	r22, 0x09	; 9
 5a2:	a9 f1       	breq	.+106    	; 0x60e <DigiKeyboardDevice::write(unsigned char)+0x7c>
/home/matheo/snap/arduino-cli/62/.arduino15/packages/digistump/hardware/avr/1.7.5/libraries/DigisparkKeyboard/DigiKeyboard.h:193
            data = (uint8_t) KEY_TAB;       // 0x09
        } else if (chr == '\n') {
 5a4:	6a 30       	cpi	r22, 0x0A	; 10
 5a6:	a9 f1       	breq	.+106    	; 0x612 <DigiKeyboardDevice::write(unsigned char)+0x80>
/home/matheo/snap/arduino-cli/62/.arduino15/packages/digistump/hardware/avr/1.7.5/libraries/DigisparkKeyboard/DigiKeyboard.h:195
            data = (uint8_t) KEY_ENTER;     // 0x0A
        } else if (chr == '\r') {
 5a8:	6d 30       	cpi	r22, 0x0D	; 13
 5aa:	99 f1       	breq	.+102    	; 0x612 <DigiKeyboardDevice::write(unsigned char)+0x80>
/home/matheo/snap/arduino-cli/62/.arduino15/packages/digistump/hardware/avr/1.7.5/libraries/DigisparkKeyboard/DigiKeyboard.h:197
            data = (uint8_t) KEY_ENTER;     // 0x0D
        } else if (chr >= 0x20) {
 5ac:	60 32       	cpi	r22, 0x20	; 32
 5ae:	48 f0       	brcs	.+18     	; 0x5c2 <DigiKeyboardDevice::write(unsigned char)+0x30>
/home/matheo/snap/arduino-cli/62/.arduino15/packages/digistump/hardware/avr/1.7.5/libraries/DigisparkKeyboard/DigiKeyboard.h:199
            // read from mapping table
            data = pgm_read_byte_near(keycodes_ascii + (chr - 0x20));
 5b0:	26 2f       	mov	r18, r22
 5b2:	20 52       	subi	r18, 0x20	; 32
 5b4:	33 0b       	sbc	r19, r19
 5b6:	f9 01       	movw	r30, r18
 5b8:	e2 5e       	subi	r30, 0xE2	; 226
 5ba:	ff 4f       	sbci	r31, 0xFF	; 255
 5bc:	c4 91       	lpm	r28, Z
/home/matheo/snap/arduino-cli/62/.arduino15/packages/digistump/hardware/avr/1.7.5/libraries/DigisparkKeyboard/DigiKeyboard.h:201
        }
        if (data) {
 5be:	c1 11       	cpse	r28, r1
 5c0:	09 c0       	rjmp	.+18     	; 0x5d4 <DigiKeyboardDevice::write(unsigned char)+0x42>
/home/matheo/snap/arduino-cli/62/.arduino15/packages/digistump/hardware/avr/1.7.5/libraries/DigisparkKeyboard/DigiKeyboard.h:205
            sendKeyStroke(keycode_to_key(data), keycode_to_modifier(data), sUseFeedbackLed);
        }
        return 1;
    }
 5c2:	81 e0       	ldi	r24, 0x01	; 1
 5c4:	90 e0       	ldi	r25, 0x00	; 0
 5c6:	df 91       	pop	r29
 5c8:	cf 91       	pop	r28
 5ca:	1f 91       	pop	r17
 5cc:	0f 91       	pop	r16
 5ce:	ff 90       	pop	r15
 5d0:	08 95       	ret
/home/matheo/snap/arduino-cli/62/.arduino15/packages/digistump/hardware/avr/1.7.5/libraries/DigisparkKeyboard/DigiKeyboard.h:190
     * Convert ASCII to USB code
     */
    size_t write(uint8_t chr) {
        uint8_t data = 0;
        if (chr == '\b') {
            data = (uint8_t) KEY_BACKSPACE; // 0x08
 5d2:	ca e2       	ldi	r28, 0x2A	; 42
/home/matheo/snap/arduino-cli/62/.arduino15/packages/digistump/hardware/avr/1.7.5/libraries/DigisparkKeyboard/DigiKeyboard.h:202
        } else if (chr >= 0x20) {
            // read from mapping table
            data = pgm_read_byte_near(keycodes_ascii + (chr - 0x20));
        }
        if (data) {
            sendKeyStroke(keycode_to_key(data), keycode_to_modifier(data), sUseFeedbackLed);
 5d4:	fc 01       	movw	r30, r24
 5d6:	f4 80       	ldd	r15, Z+4	; 0x04
/home/matheo/snap/arduino-cli/62/.arduino15/packages/digistump/hardware/avr/1.7.5/libraries/DigisparkKeyboard/DigiKeyboard.h:160
    uint8_t keycode_to_modifier(uint8_t keycode) {
        uint8_t modifier = 0;

#ifdef SHIFT_MASK
        if (keycode & SHIFT_MASK)
            modifier |= MODIFIERKEY_SHIFT;
 5d8:	d2 e0       	ldi	r29, 0x02	; 2
_ZN18DigiKeyboardDevice19keycode_to_modifierEh.isra.2():
/home/matheo/snap/arduino-cli/62/.arduino15/packages/digistump/hardware/avr/1.7.5/libraries/DigisparkKeyboard/DigiKeyboard.h:159

    uint8_t keycode_to_modifier(uint8_t keycode) {
        uint8_t modifier = 0;

#ifdef SHIFT_MASK
        if (keycode & SHIFT_MASK)
 5da:	c6 ff       	sbrs	r28, 6
write():
/home/matheo/snap/arduino-cli/62/.arduino15/packages/digistump/hardware/avr/1.7.5/libraries/DigisparkKeyboard/DigiKeyboard.h:156

        usbSetInterrupt(reportBuffer, sizeof(reportBuffer));
    }

    uint8_t keycode_to_modifier(uint8_t keycode) {
        uint8_t modifier = 0;
 5dc:	d0 e0       	ldi	r29, 0x00	; 0
_ZN18DigiKeyboardDevice19keycode_to_modifierEh.isra.2():
/home/matheo/snap/arduino-cli/62/.arduino15/packages/digistump/hardware/avr/1.7.5/libraries/DigisparkKeyboard/DigiKeyboard.h:163
#ifdef SHIFT_MASK
        if (keycode & SHIFT_MASK)
            modifier |= MODIFIERKEY_SHIFT;
#endif
#ifdef ALTGR_MASK
        if (keycode & ALTGR_MASK)
 5de:	c7 fd       	sbrc	r28, 7
/home/matheo/snap/arduino-cli/62/.arduino15/packages/digistump/hardware/avr/1.7.5/libraries/DigisparkKeyboard/DigiKeyboard.h:164
            modifier |= MODIFIERKEY_RIGHT_ALT;
 5e0:	d0 64       	ori	r29, 0x40	; 64
_ZN18DigiKeyboardDevice14keycode_to_keyEh():
/home/matheo/snap/arduino-cli/62/.arduino15/packages/digistump/hardware/avr/1.7.5/libraries/DigisparkKeyboard/DigiKeyboard.h:176

    /*
     * Mask keycodes to ascii subset (+ a few F keys)
     */
    uint8_t keycode_to_key(uint8_t keycode) {
        uint8_t key = keycode & KEYCODE_MASK_SCANCODE;
 5e2:	cf 73       	andi	r28, 0x3F	; 63
/home/matheo/snap/arduino-cli/62/.arduino15/packages/digistump/hardware/avr/1.7.5/libraries/DigisparkKeyboard/DigiKeyboard.h:178
        // the only valid ASCII code which has a scancode > 63
        if (key == KEY_NON_US_BS_MAPPING) {
 5e4:	cf 33       	cpi	r28, 0x3F	; 63
 5e6:	09 f4       	brne	.+2      	; 0x5ea <DigiKeyboardDevice::write(unsigned char)+0x58>
write():
/home/matheo/snap/arduino-cli/62/.arduino15/packages/digistump/hardware/avr/1.7.5/libraries/DigisparkKeyboard/DigiKeyboard.h:179
            key = (uint8_t) KEY_NON_US_BS;
 5e8:	c4 e6       	ldi	r28, 0x64	; 100
 5ea:	8c 01       	movw	r16, r24
sendKeyStroke():
/home/matheo/snap/arduino-cli/62/.arduino15/packages/digistump/hardware/avr/1.7.5/libraries/DigisparkKeyboard/DigiKeyboard.h:119
        sendKeyStroke(keyStroke, modifiers, false);
    }

    //sendKeyStroke: sends a key press AND release with modifiers
    void sendKeyStroke(byte keyStroke, byte modifiers, bool aUseFeedbackLed) {
        if (aUseFeedbackLed) {
 5ec:	ff 20       	and	r15, r15
 5ee:	11 f0       	breq	.+4      	; 0x5f4 <DigiKeyboardDevice::write(unsigned char)+0x62>
/home/matheo/snap/arduino-cli/62/.arduino15/packages/digistump/hardware/avr/1.7.5/libraries/DigisparkKeyboard/DigiKeyboard.h:120
            digitalWrite(LED_BUILTIN, HIGH);
 5f0:	81 e0       	ldi	r24, 0x01	; 1
 5f2:	b7 dd       	rcall	.-1170   	; 0x162 <digitalWrite.constprop.4>
/home/matheo/snap/arduino-cli/62/.arduino15/packages/digistump/hardware/avr/1.7.5/libraries/DigisparkKeyboard/DigiKeyboard.h:122
        }
        sendKeyPress(keyStroke, modifiers);
 5f4:	4d 2f       	mov	r20, r29
 5f6:	6c 2f       	mov	r22, r28
 5f8:	c8 01       	movw	r24, r16
 5fa:	af df       	rcall	.-162    	; 0x55a <DigiKeyboardDevice::sendKeyPress(unsigned char, unsigned char)>
/home/matheo/snap/arduino-cli/62/.arduino15/packages/digistump/hardware/avr/1.7.5/libraries/DigisparkKeyboard/DigiKeyboard.h:124
        // This stops endlessly repeating keystrokes:
        sendKeyPress(0, 0); // send key release
 5fc:	40 e0       	ldi	r20, 0x00	; 0
 5fe:	60 e0       	ldi	r22, 0x00	; 0
 600:	c8 01       	movw	r24, r16
 602:	ab df       	rcall	.-170    	; 0x55a <DigiKeyboardDevice::sendKeyPress(unsigned char, unsigned char)>
/home/matheo/snap/arduino-cli/62/.arduino15/packages/digistump/hardware/avr/1.7.5/libraries/DigisparkKeyboard/DigiKeyboard.h:125
        if (aUseFeedbackLed) {
 604:	ff 20       	and	r15, r15
 606:	e9 f2       	breq	.-70     	; 0x5c2 <DigiKeyboardDevice::write(unsigned char)+0x30>
/home/matheo/snap/arduino-cli/62/.arduino15/packages/digistump/hardware/avr/1.7.5/libraries/DigisparkKeyboard/DigiKeyboard.h:126
            digitalWrite(LED_BUILTIN, LOW);
 608:	80 e0       	ldi	r24, 0x00	; 0
 60a:	ab dd       	rcall	.-1194   	; 0x162 <digitalWrite.constprop.4>
 60c:	da cf       	rjmp	.-76     	; 0x5c2 <DigiKeyboardDevice::write(unsigned char)+0x30>
write():
/home/matheo/snap/arduino-cli/62/.arduino15/packages/digistump/hardware/avr/1.7.5/libraries/DigisparkKeyboard/DigiKeyboard.h:192
    size_t write(uint8_t chr) {
        uint8_t data = 0;
        if (chr == '\b') {
            data = (uint8_t) KEY_BACKSPACE; // 0x08
        } else if (chr == '\t') {
            data = (uint8_t) KEY_TAB;       // 0x09
 60e:	cb e2       	ldi	r28, 0x2B	; 43
 610:	e1 cf       	rjmp	.-62     	; 0x5d4 <DigiKeyboardDevice::write(unsigned char)+0x42>
/home/matheo/snap/arduino-cli/62/.arduino15/packages/digistump/hardware/avr/1.7.5/libraries/DigisparkKeyboard/DigiKeyboard.h:194
        } else if (chr == '\n') {
            data = (uint8_t) KEY_ENTER;     // 0x0A
 612:	c8 e2       	ldi	r28, 0x28	; 40
 614:	df cf       	rjmp	.-66     	; 0x5d4 <DigiKeyboardDevice::write(unsigned char)+0x42>

00000616 <DigiKeyboardDevice::sendKeyStroke(unsigned char) [clone .constprop.2]>:
sendKeyStroke():
/home/matheo/snap/arduino-cli/62/.arduino15/packages/digistump/hardware/avr/1.7.5/libraries/DigisparkKeyboard/DigiKeyboard.h:122
    //sendKeyStroke: sends a key press AND release with modifiers
    void sendKeyStroke(byte keyStroke, byte modifiers, bool aUseFeedbackLed) {
        if (aUseFeedbackLed) {
            digitalWrite(LED_BUILTIN, HIGH);
        }
        sendKeyPress(keyStroke, modifiers);
 616:	40 e0       	ldi	r20, 0x00	; 0
 618:	68 2f       	mov	r22, r24
 61a:	84 eb       	ldi	r24, 0xB4	; 180
 61c:	90 e0       	ldi	r25, 0x00	; 0
 61e:	9d df       	rcall	.-198    	; 0x55a <DigiKeyboardDevice::sendKeyPress(unsigned char, unsigned char)>
/home/matheo/snap/arduino-cli/62/.arduino15/packages/digistump/hardware/avr/1.7.5/libraries/DigisparkKeyboard/DigiKeyboard.h:124
        // This stops endlessly repeating keystrokes:
        sendKeyPress(0, 0); // send key release
 620:	40 e0       	ldi	r20, 0x00	; 0
 622:	60 e0       	ldi	r22, 0x00	; 0
 624:	84 eb       	ldi	r24, 0xB4	; 180
 626:	90 e0       	ldi	r25, 0x00	; 0
 628:	98 cf       	rjmp	.-208    	; 0x55a <DigiKeyboardDevice::sendKeyPress(unsigned char, unsigned char)>

0000062a <__vector_4>:
__vector_4():
/home/matheo/snap/arduino-cli/62/.arduino15/packages/digistump/hardware/avr/1.7.5/cores/tiny/wiring.c:98
#if F_CPU == 16500000L // ISR_NOBLOCK only if V-USB will be used
ISR(MILLISTIMER_OVF_vect, ISR_NOBLOCK)
#else
ISR(MILLISTIMER_OVF_vect)
#endif
{
 62a:	1f 92       	push	r1
 62c:	0f 92       	push	r0
 62e:	0f b6       	in	r0, 0x3f	; 63
 630:	0f 92       	push	r0
 632:	11 24       	eor	r1, r1
 634:	2f 93       	push	r18
 636:	3f 93       	push	r19
 638:	8f 93       	push	r24
 63a:	9f 93       	push	r25
 63c:	af 93       	push	r26
 63e:	bf 93       	push	r27
/home/matheo/snap/arduino-cli/62/.arduino15/packages/digistump/hardware/avr/1.7.5/cores/tiny/wiring.c:101
  // copy these to local variables so they can be stored in registers
  // (volatile variables must be read from memory on every access)
  unsigned long m = millis_timer_millis;
 640:	80 91 b0 00 	lds	r24, 0x00B0	; 0x8000b0 <millis_timer_millis>
 644:	90 91 b1 00 	lds	r25, 0x00B1	; 0x8000b1 <millis_timer_millis+0x1>
 648:	a0 91 b2 00 	lds	r26, 0x00B2	; 0x8000b2 <millis_timer_millis+0x2>
 64c:	b0 91 b3 00 	lds	r27, 0x00B3	; 0x8000b3 <millis_timer_millis+0x3>
/home/matheo/snap/arduino-cli/62/.arduino15/packages/digistump/hardware/avr/1.7.5/cores/tiny/wiring.c:102
  unsigned char f = millis_timer_fract;
 650:	30 91 af 00 	lds	r19, 0x00AF	; 0x8000af <millis_timer_fract>
/home/matheo/snap/arduino-cli/62/.arduino15/packages/digistump/hardware/avr/1.7.5/cores/tiny/wiring.c:104

  f += FRACT_INC;
 654:	23 e0       	ldi	r18, 0x03	; 3
 656:	23 0f       	add	r18, r19
/home/matheo/snap/arduino-cli/62/.arduino15/packages/digistump/hardware/avr/1.7.5/cores/tiny/wiring.c:106

  if (f >= FRACT_MAX) 
 658:	2d 37       	cpi	r18, 0x7D	; 125
 65a:	68 f1       	brcs	.+90     	; 0x6b6 <__vector_4+0x8c>
/home/matheo/snap/arduino-cli/62/.arduino15/packages/digistump/hardware/avr/1.7.5/cores/tiny/wiring.c:108
  {
    f -= FRACT_MAX;
 65c:	26 e8       	ldi	r18, 0x86	; 134
 65e:	23 0f       	add	r18, r19
/home/matheo/snap/arduino-cli/62/.arduino15/packages/digistump/hardware/avr/1.7.5/cores/tiny/wiring.c:109
    m = m + MILLIS_INC + 1;
 660:	02 96       	adiw	r24, 0x02	; 2
 662:	a1 1d       	adc	r26, r1
 664:	b1 1d       	adc	r27, r1
/home/matheo/snap/arduino-cli/62/.arduino15/packages/digistump/hardware/avr/1.7.5/cores/tiny/wiring.c:116
  else
  {
    m += MILLIS_INC;
  }

  millis_timer_fract = f;
 666:	20 93 af 00 	sts	0x00AF, r18	; 0x8000af <millis_timer_fract>
/home/matheo/snap/arduino-cli/62/.arduino15/packages/digistump/hardware/avr/1.7.5/cores/tiny/wiring.c:117
  millis_timer_millis = m;
 66a:	80 93 b0 00 	sts	0x00B0, r24	; 0x8000b0 <millis_timer_millis>
 66e:	90 93 b1 00 	sts	0x00B1, r25	; 0x8000b1 <millis_timer_millis+0x1>
 672:	a0 93 b2 00 	sts	0x00B2, r26	; 0x8000b2 <millis_timer_millis+0x2>
 676:	b0 93 b3 00 	sts	0x00B3, r27	; 0x8000b3 <millis_timer_millis+0x3>
/home/matheo/snap/arduino-cli/62/.arduino15/packages/digistump/hardware/avr/1.7.5/cores/tiny/wiring.c:118
  millis_timer_overflow_count++;
 67a:	80 91 ab 00 	lds	r24, 0x00AB	; 0x8000ab <millis_timer_overflow_count>
 67e:	90 91 ac 00 	lds	r25, 0x00AC	; 0x8000ac <millis_timer_overflow_count+0x1>
 682:	a0 91 ad 00 	lds	r26, 0x00AD	; 0x8000ad <millis_timer_overflow_count+0x2>
 686:	b0 91 ae 00 	lds	r27, 0x00AE	; 0x8000ae <millis_timer_overflow_count+0x3>
 68a:	01 96       	adiw	r24, 0x01	; 1
 68c:	a1 1d       	adc	r26, r1
 68e:	b1 1d       	adc	r27, r1
 690:	80 93 ab 00 	sts	0x00AB, r24	; 0x8000ab <millis_timer_overflow_count>
 694:	90 93 ac 00 	sts	0x00AC, r25	; 0x8000ac <millis_timer_overflow_count+0x1>
 698:	a0 93 ad 00 	sts	0x00AD, r26	; 0x8000ad <millis_timer_overflow_count+0x2>
 69c:	b0 93 ae 00 	sts	0x00AE, r27	; 0x8000ae <millis_timer_overflow_count+0x3>
/home/matheo/snap/arduino-cli/62/.arduino15/packages/digistump/hardware/avr/1.7.5/cores/tiny/wiring.c:119
}
 6a0:	bf 91       	pop	r27
 6a2:	af 91       	pop	r26
 6a4:	9f 91       	pop	r25
 6a6:	8f 91       	pop	r24
 6a8:	3f 91       	pop	r19
 6aa:	2f 91       	pop	r18
 6ac:	0f 90       	pop	r0
 6ae:	0f be       	out	0x3f, r0	; 63
 6b0:	0f 90       	pop	r0
 6b2:	1f 90       	pop	r1
 6b4:	18 95       	reti
/home/matheo/snap/arduino-cli/62/.arduino15/packages/digistump/hardware/avr/1.7.5/cores/tiny/wiring.c:113
    f -= FRACT_MAX;
    m = m + MILLIS_INC + 1;
  }
  else
  {
    m += MILLIS_INC;
 6b6:	01 96       	adiw	r24, 0x01	; 1
 6b8:	a1 1d       	adc	r26, r1
 6ba:	b1 1d       	adc	r27, r1
 6bc:	d4 cf       	rjmp	.-88     	; 0x666 <__vector_4+0x3c>

000006be <usbCrc16>:
usbCrc16():
/home/matheo/snap/arduino-cli/62/.arduino15/packages/digistump/hardware/avr/1.7.5/libraries/DigisparkKeyboard/usbdrvasm.S:234
;   poly    r20+r21
;   scratch r23
;   resCrc  r24+r25 / r16+r17
;   ptr     X / Z
usbCrc16:
    mov     ptrL, argPtrL
 6be:	a8 2f       	mov	r26, r24
/home/matheo/snap/arduino-cli/62/.arduino15/packages/digistump/hardware/avr/1.7.5/libraries/DigisparkKeyboard/usbdrvasm.S:235
    mov     ptrH, argPtrH
 6c0:	b9 2f       	mov	r27, r25
/home/matheo/snap/arduino-cli/62/.arduino15/packages/digistump/hardware/avr/1.7.5/libraries/DigisparkKeyboard/usbdrvasm.S:236
    ldi     resCrcL, 0
 6c2:	80 e0       	ldi	r24, 0x00	; 0
/home/matheo/snap/arduino-cli/62/.arduino15/packages/digistump/hardware/avr/1.7.5/libraries/DigisparkKeyboard/usbdrvasm.S:237
    ldi     resCrcH, 0
 6c4:	90 e0       	ldi	r25, 0x00	; 0
/home/matheo/snap/arduino-cli/62/.arduino15/packages/digistump/hardware/avr/1.7.5/libraries/DigisparkKeyboard/usbdrvasm.S:238
    ldi     polyL, lo8(0xa001)
 6c6:	41 e0       	ldi	r20, 0x01	; 1
/home/matheo/snap/arduino-cli/62/.arduino15/packages/digistump/hardware/avr/1.7.5/libraries/DigisparkKeyboard/usbdrvasm.S:239
    ldi     polyH, hi8(0xa001)
 6c8:	50 ea       	ldi	r21, 0xA0	; 160
/home/matheo/snap/arduino-cli/62/.arduino15/packages/digistump/hardware/avr/1.7.5/libraries/DigisparkKeyboard/usbdrvasm.S:240
    com     argLen      ; argLen = -argLen - 1: modified loop to ensure that carry is set
 6ca:	60 95       	com	r22
/home/matheo/snap/arduino-cli/62/.arduino15/packages/digistump/hardware/avr/1.7.5/libraries/DigisparkKeyboard/usbdrvasm.S:241
    ldi     bitCnt, 0   ; loop counter with starnd condition = end condition
 6cc:	30 e0       	ldi	r19, 0x00	; 0
/home/matheo/snap/arduino-cli/62/.arduino15/packages/digistump/hardware/avr/1.7.5/libraries/DigisparkKeyboard/usbdrvasm.S:242
    rjmp    usbCrcLoopEntry
 6ce:	09 c0       	rjmp	.+18     	; 0x6e2 <usbCrcLoopEntry>

000006d0 <usbCrcByteLoop>:
usbCrcByteLoop():
/home/matheo/snap/arduino-cli/62/.arduino15/packages/digistump/hardware/avr/1.7.5/libraries/DigisparkKeyboard/usbdrvasm.S:244
usbCrcByteLoop:
    ld      byte, ptr+
 6d0:	2d 91       	ld	r18, X+
/home/matheo/snap/arduino-cli/62/.arduino15/packages/digistump/hardware/avr/1.7.5/libraries/DigisparkKeyboard/usbdrvasm.S:245
    eor     resCrcL, byte
 6d2:	82 27       	eor	r24, r18

000006d4 <usbCrcBitLoop>:
usbCrcBitLoop():
/home/matheo/snap/arduino-cli/62/.arduino15/packages/digistump/hardware/avr/1.7.5/libraries/DigisparkKeyboard/usbdrvasm.S:247
usbCrcBitLoop:
    ror     resCrcH     ; carry is always set here (see brcs jumps to here)
 6d4:	97 95       	ror	r25
/home/matheo/snap/arduino-cli/62/.arduino15/packages/digistump/hardware/avr/1.7.5/libraries/DigisparkKeyboard/usbdrvasm.S:248
    ror     resCrcL
 6d6:	87 95       	ror	r24
/home/matheo/snap/arduino-cli/62/.arduino15/packages/digistump/hardware/avr/1.7.5/libraries/DigisparkKeyboard/usbdrvasm.S:249
    brcs    usbCrcNoXor
 6d8:	10 f0       	brcs	.+4      	; 0x6de <usbCrcNoXor>
/home/matheo/snap/arduino-cli/62/.arduino15/packages/digistump/hardware/avr/1.7.5/libraries/DigisparkKeyboard/usbdrvasm.S:250
    eor     resCrcL, polyL
 6da:	84 27       	eor	r24, r20
/home/matheo/snap/arduino-cli/62/.arduino15/packages/digistump/hardware/avr/1.7.5/libraries/DigisparkKeyboard/usbdrvasm.S:251
    eor     resCrcH, polyH
 6dc:	95 27       	eor	r25, r21

000006de <usbCrcNoXor>:
usbCrcNoXor():
/home/matheo/snap/arduino-cli/62/.arduino15/packages/digistump/hardware/avr/1.7.5/libraries/DigisparkKeyboard/usbdrvasm.S:253
usbCrcNoXor:
    subi    bitCnt, 224 ; (8 * 224) % 256 = 0; this loop iterates 8 times
 6de:	30 5e       	subi	r19, 0xE0	; 224
/home/matheo/snap/arduino-cli/62/.arduino15/packages/digistump/hardware/avr/1.7.5/libraries/DigisparkKeyboard/usbdrvasm.S:254
    brcs    usbCrcBitLoop
 6e0:	c8 f3       	brcs	.-14     	; 0x6d4 <usbCrcBitLoop>

000006e2 <usbCrcLoopEntry>:
usbCrcLoopEntry():
/home/matheo/snap/arduino-cli/62/.arduino15/packages/digistump/hardware/avr/1.7.5/libraries/DigisparkKeyboard/usbdrvasm.S:256
usbCrcLoopEntry:
    subi    argLen, -1
 6e2:	6f 5f       	subi	r22, 0xFF	; 255
/home/matheo/snap/arduino-cli/62/.arduino15/packages/digistump/hardware/avr/1.7.5/libraries/DigisparkKeyboard/usbdrvasm.S:257
    brcs    usbCrcByteLoop
 6e4:	a8 f3       	brcs	.-22     	; 0x6d0 <usbCrcByteLoop>

000006e6 <usbCrcReady>:
usbCrcReady():
/home/matheo/snap/arduino-cli/62/.arduino15/packages/digistump/hardware/avr/1.7.5/libraries/DigisparkKeyboard/usbdrvasm.S:259
usbCrcReady:
    ret
 6e6:	08 95       	ret

000006e8 <usbCrc16Append>:
usbCrc16Append():
/home/matheo/snap/arduino-cli/62/.arduino15/packages/digistump/hardware/avr/1.7.5/libraries/DigisparkKeyboard/usbdrvasm.S:266

#endif /* USB_USE_FAST_CRC */

; extern unsigned usbCrc16Append(unsigned char *data, unsigned char len);
usbCrc16Append:
    rcall   usbCrc16
 6e8:	ea df       	rcall	.-44     	; 0x6be <usbCrc16>
/home/matheo/snap/arduino-cli/62/.arduino15/packages/digistump/hardware/avr/1.7.5/libraries/DigisparkKeyboard/usbdrvasm.S:267
    st      ptr+, resCrcL
 6ea:	8d 93       	st	X+, r24
/home/matheo/snap/arduino-cli/62/.arduino15/packages/digistump/hardware/avr/1.7.5/libraries/DigisparkKeyboard/usbdrvasm.S:268
    st      ptr+, resCrcH
 6ec:	9d 93       	st	X+, r25
/home/matheo/snap/arduino-cli/62/.arduino15/packages/digistump/hardware/avr/1.7.5/libraries/DigisparkKeyboard/usbdrvasm.S:269
    ret
 6ee:	08 95       	ret

000006f0 <usbMeasureFrameLength>:
usbMeasureFrameLength():
/home/matheo/snap/arduino-cli/62/.arduino15/packages/digistump/hardware/avr/1.7.5/libraries/DigisparkKeyboard/usbdrvasm.S:321

; extern unsigned usbMeasurePacketLength(void);
; returns time between two idle strobes in multiples of 7 CPU clocks
.global usbMeasureFrameLength
usbMeasureFrameLength:
    ldi     cntH, 6         ; wait ~ 10 ms for D- == 0
 6f0:	a6 e0       	ldi	r26, 0x06	; 6
/home/matheo/snap/arduino-cli/62/.arduino15/packages/digistump/hardware/avr/1.7.5/libraries/DigisparkKeyboard/usbdrvasm.S:322
    clr     cnt16L
 6f2:	88 27       	eor	r24, r24
/home/matheo/snap/arduino-cli/62/.arduino15/packages/digistump/hardware/avr/1.7.5/libraries/DigisparkKeyboard/usbdrvasm.S:323
    clr     cnt16H
 6f4:	99 27       	eor	r25, r25

000006f6 <usbMFTime16>:
usbMFTime16():
/home/matheo/snap/arduino-cli/62/.arduino15/packages/digistump/hardware/avr/1.7.5/libraries/DigisparkKeyboard/usbdrvasm.S:325
usbMFTime16:
    dec     cntH
 6f6:	aa 95       	dec	r26
/home/matheo/snap/arduino-cli/62/.arduino15/packages/digistump/hardware/avr/1.7.5/libraries/DigisparkKeyboard/usbdrvasm.S:326
    breq    usbMFTimeout
 6f8:	69 f0       	breq	.+26     	; 0x714 <usbMFTimeout>

000006fa <usbMFWaitStrobe>:
usbMFWaitStrobe():
/home/matheo/snap/arduino-cli/62/.arduino15/packages/digistump/hardware/avr/1.7.5/libraries/DigisparkKeyboard/usbdrvasm.S:328
usbMFWaitStrobe:            ; first wait for D- == 0 (idle strobe)
    sbiw    cnt16, 1        ;[0] [6]
 6fa:	01 97       	sbiw	r24, 0x01	; 1
/home/matheo/snap/arduino-cli/62/.arduino15/packages/digistump/hardware/avr/1.7.5/libraries/DigisparkKeyboard/usbdrvasm.S:329
    breq    usbMFTime16     ;[2]
 6fc:	e1 f3       	breq	.-8      	; 0x6f6 <usbMFTime16>
/home/matheo/snap/arduino-cli/62/.arduino15/packages/digistump/hardware/avr/1.7.5/libraries/DigisparkKeyboard/usbdrvasm.S:330
    sbic    USBIN, USBMINUS ;[3]
 6fe:	b3 99       	sbic	0x16, 3	; 22
/home/matheo/snap/arduino-cli/62/.arduino15/packages/digistump/hardware/avr/1.7.5/libraries/DigisparkKeyboard/usbdrvasm.S:331
    rjmp    usbMFWaitStrobe ;[4]
 700:	fc cf       	rjmp	.-8      	; 0x6fa <usbMFWaitStrobe>

00000702 <usbMFWaitIdle>:
usbMFWaitIdle():
/home/matheo/snap/arduino-cli/62/.arduino15/packages/digistump/hardware/avr/1.7.5/libraries/DigisparkKeyboard/usbdrvasm.S:333
usbMFWaitIdle:              ; then wait until idle again
    sbis    USBIN, USBMINUS ;1 wait for D- == 1
 702:	b3 9b       	sbis	0x16, 3	; 22
/home/matheo/snap/arduino-cli/62/.arduino15/packages/digistump/hardware/avr/1.7.5/libraries/DigisparkKeyboard/usbdrvasm.S:334
    rjmp    usbMFWaitIdle   ;2
 704:	fe cf       	rjmp	.-4      	; 0x702 <usbMFWaitIdle>
/home/matheo/snap/arduino-cli/62/.arduino15/packages/digistump/hardware/avr/1.7.5/libraries/DigisparkKeyboard/usbdrvasm.S:335
    ldi     cnt16L, 1       ;1 represents cycles so far
 706:	81 e0       	ldi	r24, 0x01	; 1
/home/matheo/snap/arduino-cli/62/.arduino15/packages/digistump/hardware/avr/1.7.5/libraries/DigisparkKeyboard/usbdrvasm.S:336
    clr     cnt16H          ;1
 708:	99 27       	eor	r25, r25

0000070a <usbMFWaitLoop>:
usbMFWaitLoop():
/home/matheo/snap/arduino-cli/62/.arduino15/packages/digistump/hardware/avr/1.7.5/libraries/DigisparkKeyboard/usbdrvasm.S:338
usbMFWaitLoop:
    in      cntH, USBIN     ;[0] [7]
 70a:	a6 b3       	in	r26, 0x16	; 22
/home/matheo/snap/arduino-cli/62/.arduino15/packages/digistump/hardware/avr/1.7.5/libraries/DigisparkKeyboard/usbdrvasm.S:339
    adiw    cnt16, 1        ;[1]
 70c:	01 96       	adiw	r24, 0x01	; 1
/home/matheo/snap/arduino-cli/62/.arduino15/packages/digistump/hardware/avr/1.7.5/libraries/DigisparkKeyboard/usbdrvasm.S:340
    breq    usbMFTimeout    ;[3]
 70e:	11 f0       	breq	.+4      	; 0x714 <usbMFTimeout>
/home/matheo/snap/arduino-cli/62/.arduino15/packages/digistump/hardware/avr/1.7.5/libraries/DigisparkKeyboard/usbdrvasm.S:341
    andi    cntH, USBMASK   ;[4]
 710:	a8 71       	andi	r26, 0x18	; 24
/home/matheo/snap/arduino-cli/62/.arduino15/packages/digistump/hardware/avr/1.7.5/libraries/DigisparkKeyboard/usbdrvasm.S:342
    brne    usbMFWaitLoop   ;[5]
 712:	d9 f7       	brne	.-10     	; 0x70a <usbMFWaitLoop>

00000714 <usbMFTimeout>:
usbMFTimeout():
/home/matheo/snap/arduino-cli/62/.arduino15/packages/digistump/hardware/avr/1.7.5/libraries/DigisparkKeyboard/usbdrvasm.S:348
usbMFTimeout:
#if resL != cnt16L
    mov     resL, cnt16L
    mov     resH, cnt16H
#endif
    ret
 714:	08 95       	ret

00000716 <__vector_2>:
__vector_2():
/home/matheo/snap/arduino-cli/62/.arduino15/packages/digistump/hardware/avr/1.7.5/libraries/DigisparkKeyboard/usbdrvasm16.inc:35
; Numbers in brackets are clocks counted from center of last sync bit
; when instruction starts

USB_INTR_VECTOR:
;order of registers pushed: YL, SREG YH, [sofError], bitcnt, shift, x1, x2, x3, x4, cnt
    push    YL                  ;[-25] push only what is necessary to sync with edge ASAP
 716:	cf 93       	push	r28
/home/matheo/snap/arduino-cli/62/.arduino15/packages/digistump/hardware/avr/1.7.5/libraries/DigisparkKeyboard/usbdrvasm16.inc:36
    in      YL, SREG            ;[-23]
 718:	cf b7       	in	r28, 0x3f	; 63
/home/matheo/snap/arduino-cli/62/.arduino15/packages/digistump/hardware/avr/1.7.5/libraries/DigisparkKeyboard/usbdrvasm16.inc:37
    push    YL                  ;[-22]
 71a:	cf 93       	push	r28
/home/matheo/snap/arduino-cli/62/.arduino15/packages/digistump/hardware/avr/1.7.5/libraries/DigisparkKeyboard/usbdrvasm16.inc:38
    push    YH                  ;[-20]
 71c:	df 93       	push	r29

0000071e <waitForJ>:
waitForJ():
/home/matheo/snap/arduino-cli/62/.arduino15/packages/digistump/hardware/avr/1.7.5/libraries/DigisparkKeyboard/usbdrvasm16.inc:48
;sync up with J to K edge during sync pattern -- use fastest possible loops
;The first part waits at most 1 bit long since we must be in sync pattern.
;YL is guarenteed to be < 0x80 because I flag is clear. When we jump to
;waitForJ, ensure that this prerequisite is met.
waitForJ:
    inc     YL
 71e:	c3 95       	inc	r28
/home/matheo/snap/arduino-cli/62/.arduino15/packages/digistump/hardware/avr/1.7.5/libraries/DigisparkKeyboard/usbdrvasm16.inc:49
    sbis    USBIN, USBMINUS
 720:	b3 9b       	sbis	0x16, 3	; 22
/home/matheo/snap/arduino-cli/62/.arduino15/packages/digistump/hardware/avr/1.7.5/libraries/DigisparkKeyboard/usbdrvasm16.inc:50
    brne    waitForJ        ; just make sure we have ANY timeout
 722:	e9 f7       	brne	.-6      	; 0x71e <waitForJ>

00000724 <waitForK>:
waitForK():
/home/matheo/snap/arduino-cli/62/.arduino15/packages/digistump/hardware/avr/1.7.5/libraries/DigisparkKeyboard/usbdrvasm16.inc:53
waitForK:
;The following code results in a sampling window of < 1/4 bit which meets the spec.
    sbis    USBIN, USBMINUS     ;[-15]
 724:	b3 9b       	sbis	0x16, 3	; 22
/home/matheo/snap/arduino-cli/62/.arduino15/packages/digistump/hardware/avr/1.7.5/libraries/DigisparkKeyboard/usbdrvasm16.inc:54
    rjmp    foundK              ;[-14]
 726:	0b c0       	rjmp	.+22     	; 0x73e <foundK>
/home/matheo/snap/arduino-cli/62/.arduino15/packages/digistump/hardware/avr/1.7.5/libraries/DigisparkKeyboard/usbdrvasm16.inc:55
    sbis    USBIN, USBMINUS
 728:	b3 9b       	sbis	0x16, 3	; 22
/home/matheo/snap/arduino-cli/62/.arduino15/packages/digistump/hardware/avr/1.7.5/libraries/DigisparkKeyboard/usbdrvasm16.inc:56
    rjmp    foundK
 72a:	09 c0       	rjmp	.+18     	; 0x73e <foundK>
/home/matheo/snap/arduino-cli/62/.arduino15/packages/digistump/hardware/avr/1.7.5/libraries/DigisparkKeyboard/usbdrvasm16.inc:57
    sbis    USBIN, USBMINUS
 72c:	b3 9b       	sbis	0x16, 3	; 22
/home/matheo/snap/arduino-cli/62/.arduino15/packages/digistump/hardware/avr/1.7.5/libraries/DigisparkKeyboard/usbdrvasm16.inc:58
    rjmp    foundK
 72e:	07 c0       	rjmp	.+14     	; 0x73e <foundK>
/home/matheo/snap/arduino-cli/62/.arduino15/packages/digistump/hardware/avr/1.7.5/libraries/DigisparkKeyboard/usbdrvasm16.inc:59
    sbis    USBIN, USBMINUS
 730:	b3 9b       	sbis	0x16, 3	; 22
/home/matheo/snap/arduino-cli/62/.arduino15/packages/digistump/hardware/avr/1.7.5/libraries/DigisparkKeyboard/usbdrvasm16.inc:60
    rjmp    foundK
 732:	05 c0       	rjmp	.+10     	; 0x73e <foundK>
/home/matheo/snap/arduino-cli/62/.arduino15/packages/digistump/hardware/avr/1.7.5/libraries/DigisparkKeyboard/usbdrvasm16.inc:61
    sbis    USBIN, USBMINUS
 734:	b3 9b       	sbis	0x16, 3	; 22
/home/matheo/snap/arduino-cli/62/.arduino15/packages/digistump/hardware/avr/1.7.5/libraries/DigisparkKeyboard/usbdrvasm16.inc:62
    rjmp    foundK
 736:	03 c0       	rjmp	.+6      	; 0x73e <foundK>
/home/matheo/snap/arduino-cli/62/.arduino15/packages/digistump/hardware/avr/1.7.5/libraries/DigisparkKeyboard/usbdrvasm16.inc:63
    sbis    USBIN, USBMINUS
 738:	b3 9b       	sbis	0x16, 3	; 22
/home/matheo/snap/arduino-cli/62/.arduino15/packages/digistump/hardware/avr/1.7.5/libraries/DigisparkKeyboard/usbdrvasm16.inc:64
    rjmp    foundK
 73a:	01 c0       	rjmp	.+2      	; 0x73e <foundK>
/home/matheo/snap/arduino-cli/62/.arduino15/packages/digistump/hardware/avr/1.7.5/libraries/DigisparkKeyboard/usbdrvasm16.inc:73
    sts     usbSofCount, YL
#endif  /* USB_COUNT_SOF */
#ifdef USB_SOF_HOOK
    USB_SOF_HOOK
#endif
    rjmp    sofError
 73c:	8b c0       	rjmp	.+278    	; 0x854 <sofError>

0000073e <foundK>:
foundK():
/home/matheo/snap/arduino-cli/62/.arduino15/packages/digistump/hardware/avr/1.7.5/libraries/DigisparkKeyboard/usbdrvasm16.inc:78
foundK:                         ;[-12]
;{3, 5} after falling D- edge, average delay: 4 cycles [we want 5 for center sampling]
;we have 1 bit time for setup purposes, then sample again. Numbers in brackets
;are cycles from center of first sync (double K) bit after the instruction
    push    bitcnt              ;[-12]
 73e:	6f 93       	push	r22
/home/matheo/snap/arduino-cli/62/.arduino15/packages/digistump/hardware/avr/1.7.5/libraries/DigisparkKeyboard/usbdrvasm16.inc:80
;   [---]                       ;[-11]
    lds     YL, usbInputBufOffset;[-10]
 740:	c0 91 d4 00 	lds	r28, 0x00D4	; 0x8000d4 <usbInputBufOffset>
/home/matheo/snap/arduino-cli/62/.arduino15/packages/digistump/hardware/avr/1.7.5/libraries/DigisparkKeyboard/usbdrvasm16.inc:82
;   [---]                       ;[-9]
    clr     YH                  ;[-8]
 744:	dd 27       	eor	r29, r29
/home/matheo/snap/arduino-cli/62/.arduino15/packages/digistump/hardware/avr/1.7.5/libraries/DigisparkKeyboard/usbdrvasm16.inc:83
    subi    YL, lo8(-(usbRxBuf));[-7] [rx loop init]
 746:	c8 52       	subi	r28, 0x28	; 40
/home/matheo/snap/arduino-cli/62/.arduino15/packages/digistump/hardware/avr/1.7.5/libraries/DigisparkKeyboard/usbdrvasm16.inc:84
    sbci    YH, hi8(-(usbRxBuf));[-6] [rx loop init]
 748:	df 4f       	sbci	r29, 0xFF	; 255
/home/matheo/snap/arduino-cli/62/.arduino15/packages/digistump/hardware/avr/1.7.5/libraries/DigisparkKeyboard/usbdrvasm16.inc:85
    push    shift               ;[-5]
 74a:	2f 93       	push	r18
/home/matheo/snap/arduino-cli/62/.arduino15/packages/digistump/hardware/avr/1.7.5/libraries/DigisparkKeyboard/usbdrvasm16.inc:87
;   [---]                       ;[-4]
    ldi     bitcnt, 0x55        ;[-3] [rx loop init]
 74c:	65 e5       	ldi	r22, 0x55	; 85
/home/matheo/snap/arduino-cli/62/.arduino15/packages/digistump/hardware/avr/1.7.5/libraries/DigisparkKeyboard/usbdrvasm16.inc:88
    sbis    USBIN, USBMINUS     ;[-2] we want two bits K (sample 2 cycles too early)
 74e:	b3 9b       	sbis	0x16, 3	; 22
/home/matheo/snap/arduino-cli/62/.arduino15/packages/digistump/hardware/avr/1.7.5/libraries/DigisparkKeyboard/usbdrvasm16.inc:89
    rjmp    haveTwoBitsK        ;[-1]
 750:	03 c0       	rjmp	.+6      	; 0x758 <haveTwoBitsK>
/home/matheo/snap/arduino-cli/62/.arduino15/packages/digistump/hardware/avr/1.7.5/libraries/DigisparkKeyboard/usbdrvasm16.inc:90
    pop     shift               ;[0] undo the push from before
 752:	2f 91       	pop	r18
/home/matheo/snap/arduino-cli/62/.arduino15/packages/digistump/hardware/avr/1.7.5/libraries/DigisparkKeyboard/usbdrvasm16.inc:91
    pop     bitcnt              ;[2] undo the push from before
 754:	6f 91       	pop	r22
/home/matheo/snap/arduino-cli/62/.arduino15/packages/digistump/hardware/avr/1.7.5/libraries/DigisparkKeyboard/usbdrvasm16.inc:92
    rjmp    waitForK            ;[4] this was not the end of sync, retry
 756:	e6 cf       	rjmp	.-52     	; 0x724 <waitForK>

00000758 <haveTwoBitsK>:
haveTwoBitsK():
/home/matheo/snap/arduino-cli/62/.arduino15/packages/digistump/hardware/avr/1.7.5/libraries/DigisparkKeyboard/usbdrvasm16.inc:100

;----------------------------------------------------------------------------
; push more registers and initialize values while we sample the first bits:
;----------------------------------------------------------------------------
haveTwoBitsK:
    push    x1              ;[1]
 758:	0f 93       	push	r16
/home/matheo/snap/arduino-cli/62/.arduino15/packages/digistump/hardware/avr/1.7.5/libraries/DigisparkKeyboard/usbdrvasm16.inc:101
    push    x2              ;[3]
 75a:	1f 93       	push	r17
/home/matheo/snap/arduino-cli/62/.arduino15/packages/digistump/hardware/avr/1.7.5/libraries/DigisparkKeyboard/usbdrvasm16.inc:102
    push    x3              ;[5]
 75c:	4f 93       	push	r20
/home/matheo/snap/arduino-cli/62/.arduino15/packages/digistump/hardware/avr/1.7.5/libraries/DigisparkKeyboard/usbdrvasm16.inc:103
    ldi     shift, 0        ;[7]
 75e:	20 e0       	ldi	r18, 0x00	; 0
/home/matheo/snap/arduino-cli/62/.arduino15/packages/digistump/hardware/avr/1.7.5/libraries/DigisparkKeyboard/usbdrvasm16.inc:104
    ldi     x3, 1<<4        ;[8] [rx loop init] first sample is inverse bit, compensate that
 760:	40 e1       	ldi	r20, 0x10	; 16
/home/matheo/snap/arduino-cli/62/.arduino15/packages/digistump/hardware/avr/1.7.5/libraries/DigisparkKeyboard/usbdrvasm16.inc:105
    push    x4              ;[9] == leap
 762:	5f 93       	push	r21
/home/matheo/snap/arduino-cli/62/.arduino15/packages/digistump/hardware/avr/1.7.5/libraries/DigisparkKeyboard/usbdrvasm16.inc:107

    in      x1, USBIN       ;[11] <-- sample bit 0
 764:	06 b3       	in	r16, 0x16	; 22
/home/matheo/snap/arduino-cli/62/.arduino15/packages/digistump/hardware/avr/1.7.5/libraries/DigisparkKeyboard/usbdrvasm16.inc:108
    andi    x1, USBMASK     ;[12]
 766:	08 71       	andi	r16, 0x18	; 24
/home/matheo/snap/arduino-cli/62/.arduino15/packages/digistump/hardware/avr/1.7.5/libraries/DigisparkKeyboard/usbdrvasm16.inc:109
    bst     x1, USBMINUS    ;[13]
 768:	03 fb       	bst	r16, 3
/home/matheo/snap/arduino-cli/62/.arduino15/packages/digistump/hardware/avr/1.7.5/libraries/DigisparkKeyboard/usbdrvasm16.inc:110
    bld     shift, 7        ;[14]
 76a:	27 f9       	bld	r18, 7
/home/matheo/snap/arduino-cli/62/.arduino15/packages/digistump/hardware/avr/1.7.5/libraries/DigisparkKeyboard/usbdrvasm16.inc:111
    push    cnt             ;[15]
 76c:	3f 93       	push	r19
/home/matheo/snap/arduino-cli/62/.arduino15/packages/digistump/hardware/avr/1.7.5/libraries/DigisparkKeyboard/usbdrvasm16.inc:112
    ldi     leap, 0         ;[17] [rx loop init]
 76e:	50 e0       	ldi	r21, 0x00	; 0
/home/matheo/snap/arduino-cli/62/.arduino15/packages/digistump/hardware/avr/1.7.5/libraries/DigisparkKeyboard/usbdrvasm16.inc:113
    ldi     cnt, USB_BUFSIZE;[18] [rx loop init]
 770:	3b e0       	ldi	r19, 0x0B	; 11
/home/matheo/snap/arduino-cli/62/.arduino15/packages/digistump/hardware/avr/1.7.5/libraries/DigisparkKeyboard/usbdrvasm16.inc:114
    rjmp    rxbit1          ;[19] arrives at [21]
 772:	39 c0       	rjmp	.+114    	; 0x7e6 <rxbit1>

00000774 <unstuff6>:
unstuff6():
/home/matheo/snap/arduino-cli/62/.arduino15/packages/digistump/hardware/avr/1.7.5/libraries/DigisparkKeyboard/usbdrvasm16.inc:124

; duration of unstuffing code should be 10.66666667 cycles. We adjust "leap"
; accordingly to approximate this value in the long run.

unstuff6:
    andi    x2, USBMASK ;[03]
 774:	18 71       	andi	r17, 0x18	; 24
/home/matheo/snap/arduino-cli/62/.arduino15/packages/digistump/hardware/avr/1.7.5/libraries/DigisparkKeyboard/usbdrvasm16.inc:125
    ori     x3, 1<<6    ;[04] will not be shifted any more
 776:	40 64       	ori	r20, 0x40	; 64
/home/matheo/snap/arduino-cli/62/.arduino15/packages/digistump/hardware/avr/1.7.5/libraries/DigisparkKeyboard/usbdrvasm16.inc:126
    andi    shift, ~0x80;[05]
 778:	2f 77       	andi	r18, 0x7F	; 127
/home/matheo/snap/arduino-cli/62/.arduino15/packages/digistump/hardware/avr/1.7.5/libraries/DigisparkKeyboard/usbdrvasm16.inc:127
    mov     x1, x2      ;[06] sampled bit 7 is actually re-sampled bit 6
 77a:	01 2f       	mov	r16, r17
/home/matheo/snap/arduino-cli/62/.arduino15/packages/digistump/hardware/avr/1.7.5/libraries/DigisparkKeyboard/usbdrvasm16.inc:128
    subi    leap, -1    ;[07] total duration = 11 bits -> subtract 1/3
 77c:	5f 5f       	subi	r21, 0xFF	; 255
/home/matheo/snap/arduino-cli/62/.arduino15/packages/digistump/hardware/avr/1.7.5/libraries/DigisparkKeyboard/usbdrvasm16.inc:129
    rjmp    didUnstuff6 ;[08]
 77e:	1e c0       	rjmp	.+60     	; 0x7bc <didUnstuff6>

00000780 <unstuff7>:
unstuff7():
/home/matheo/snap/arduino-cli/62/.arduino15/packages/digistump/hardware/avr/1.7.5/libraries/DigisparkKeyboard/usbdrvasm16.inc:132

unstuff7:
    ori     x3, 1<<7    ;[09] will not be shifted any more
 780:	40 68       	ori	r20, 0x80	; 128
/home/matheo/snap/arduino-cli/62/.arduino15/packages/digistump/hardware/avr/1.7.5/libraries/DigisparkKeyboard/usbdrvasm16.inc:133
    in      x2, USBIN   ;[00] [10]  re-sample bit 7
 782:	16 b3       	in	r17, 0x16	; 22
/home/matheo/snap/arduino-cli/62/.arduino15/packages/digistump/hardware/avr/1.7.5/libraries/DigisparkKeyboard/usbdrvasm16.inc:134
    andi    x2, USBMASK ;[01]
 784:	18 71       	andi	r17, 0x18	; 24
/home/matheo/snap/arduino-cli/62/.arduino15/packages/digistump/hardware/avr/1.7.5/libraries/DigisparkKeyboard/usbdrvasm16.inc:135
    andi    shift, ~0x80;[02]
 786:	2f 77       	andi	r18, 0x7F	; 127
/home/matheo/snap/arduino-cli/62/.arduino15/packages/digistump/hardware/avr/1.7.5/libraries/DigisparkKeyboard/usbdrvasm16.inc:136
    subi    leap, 2     ;[03] total duration = 10 bits -> add 1/3
 788:	52 50       	subi	r21, 0x02	; 2
/home/matheo/snap/arduino-cli/62/.arduino15/packages/digistump/hardware/avr/1.7.5/libraries/DigisparkKeyboard/usbdrvasm16.inc:137
    rjmp    didUnstuff7 ;[04]
 78a:	1f c0       	rjmp	.+62     	; 0x7ca <didUnstuff7>

0000078c <unstuffEven>:
unstuffEven():
/home/matheo/snap/arduino-cli/62/.arduino15/packages/digistump/hardware/avr/1.7.5/libraries/DigisparkKeyboard/usbdrvasm16.inc:140

unstuffEven:
    ori     x3, 1<<6    ;[09] will be shifted right 6 times for bit 0
 78c:	40 64       	ori	r20, 0x40	; 64
/home/matheo/snap/arduino-cli/62/.arduino15/packages/digistump/hardware/avr/1.7.5/libraries/DigisparkKeyboard/usbdrvasm16.inc:141
    in      x1, USBIN   ;[00] [10]
 78e:	06 b3       	in	r16, 0x16	; 22
/home/matheo/snap/arduino-cli/62/.arduino15/packages/digistump/hardware/avr/1.7.5/libraries/DigisparkKeyboard/usbdrvasm16.inc:142
    andi    shift, ~0x80;[01]
 790:	2f 77       	andi	r18, 0x7F	; 127
/home/matheo/snap/arduino-cli/62/.arduino15/packages/digistump/hardware/avr/1.7.5/libraries/DigisparkKeyboard/usbdrvasm16.inc:143
    andi    x1, USBMASK ;[02]
 792:	08 71       	andi	r16, 0x18	; 24
/home/matheo/snap/arduino-cli/62/.arduino15/packages/digistump/hardware/avr/1.7.5/libraries/DigisparkKeyboard/usbdrvasm16.inc:144
    breq    se0         ;[03]
 794:	d1 f1       	breq	.+116    	; 0x80a <se0>
/home/matheo/snap/arduino-cli/62/.arduino15/packages/digistump/hardware/avr/1.7.5/libraries/DigisparkKeyboard/usbdrvasm16.inc:145
    subi    leap, -1    ;[04] total duration = 11 bits -> subtract 1/3
 796:	5f 5f       	subi	r21, 0xFF	; 255
/home/matheo/snap/arduino-cli/62/.arduino15/packages/digistump/hardware/avr/1.7.5/libraries/DigisparkKeyboard/usbdrvasm16.inc:146
    nop2                ;[05]
 798:	00 c0       	rjmp	.+0      	; 0x79a <unstuffEven+0xe>
/home/matheo/snap/arduino-cli/62/.arduino15/packages/digistump/hardware/avr/1.7.5/libraries/DigisparkKeyboard/usbdrvasm16.inc:147
    rjmp    didUnstuffE ;[06]
 79a:	23 c0       	rjmp	.+70     	; 0x7e2 <didUnstuffE>

0000079c <unstuffOdd>:
unstuffOdd():
/home/matheo/snap/arduino-cli/62/.arduino15/packages/digistump/hardware/avr/1.7.5/libraries/DigisparkKeyboard/usbdrvasm16.inc:150

unstuffOdd:
    ori     x3, 1<<5    ;[09] will be shifted right 4 times for bit 1
 79c:	40 62       	ori	r20, 0x20	; 32
/home/matheo/snap/arduino-cli/62/.arduino15/packages/digistump/hardware/avr/1.7.5/libraries/DigisparkKeyboard/usbdrvasm16.inc:151
    in      x2, USBIN   ;[00] [10]
 79e:	16 b3       	in	r17, 0x16	; 22
/home/matheo/snap/arduino-cli/62/.arduino15/packages/digistump/hardware/avr/1.7.5/libraries/DigisparkKeyboard/usbdrvasm16.inc:152
    andi    shift, ~0x80;[01]
 7a0:	2f 77       	andi	r18, 0x7F	; 127
/home/matheo/snap/arduino-cli/62/.arduino15/packages/digistump/hardware/avr/1.7.5/libraries/DigisparkKeyboard/usbdrvasm16.inc:153
    andi    x2, USBMASK ;[02]
 7a2:	18 71       	andi	r17, 0x18	; 24
/home/matheo/snap/arduino-cli/62/.arduino15/packages/digistump/hardware/avr/1.7.5/libraries/DigisparkKeyboard/usbdrvasm16.inc:154
    breq    se0         ;[03]
 7a4:	91 f1       	breq	.+100    	; 0x80a <se0>
/home/matheo/snap/arduino-cli/62/.arduino15/packages/digistump/hardware/avr/1.7.5/libraries/DigisparkKeyboard/usbdrvasm16.inc:155
    subi    leap, -1    ;[04] total duration = 11 bits -> subtract 1/3
 7a6:	5f 5f       	subi	r21, 0xFF	; 255
/home/matheo/snap/arduino-cli/62/.arduino15/packages/digistump/hardware/avr/1.7.5/libraries/DigisparkKeyboard/usbdrvasm16.inc:156
    nop2                ;[05]
 7a8:	00 c0       	rjmp	.+0      	; 0x7aa <unstuffOdd+0xe>
/home/matheo/snap/arduino-cli/62/.arduino15/packages/digistump/hardware/avr/1.7.5/libraries/DigisparkKeyboard/usbdrvasm16.inc:157
    rjmp    didUnstuffO ;[06]
 7aa:	25 c0       	rjmp	.+74     	; 0x7f6 <didUnstuffO>

000007ac <rxByteLoop>:
rxByteLoop():
/home/matheo/snap/arduino-cli/62/.arduino15/packages/digistump/hardware/avr/1.7.5/libraries/DigisparkKeyboard/usbdrvasm16.inc:160

rxByteLoop:
    andi    x1, USBMASK ;[03]
 7ac:	08 71       	andi	r16, 0x18	; 24
/home/matheo/snap/arduino-cli/62/.arduino15/packages/digistump/hardware/avr/1.7.5/libraries/DigisparkKeyboard/usbdrvasm16.inc:161
    eor     x2, x1      ;[04]
 7ae:	10 27       	eor	r17, r16
/home/matheo/snap/arduino-cli/62/.arduino15/packages/digistump/hardware/avr/1.7.5/libraries/DigisparkKeyboard/usbdrvasm16.inc:162
    subi    leap, 1     ;[05]
 7b0:	51 50       	subi	r21, 0x01	; 1
/home/matheo/snap/arduino-cli/62/.arduino15/packages/digistump/hardware/avr/1.7.5/libraries/DigisparkKeyboard/usbdrvasm16.inc:163
    brpl    skipLeap    ;[06]
 7b2:	12 f4       	brpl	.+4      	; 0x7b8 <skipLeap>
/home/matheo/snap/arduino-cli/62/.arduino15/packages/digistump/hardware/avr/1.7.5/libraries/DigisparkKeyboard/usbdrvasm16.inc:164
    subi    leap, -3    ;1 one leap cycle every 3rd byte -> 85 + 1/3 cycles per byte
 7b4:	5d 5f       	subi	r21, 0xFD	; 253
	...

000007b8 <skipLeap>:
skipLeap():
/home/matheo/snap/arduino-cli/62/.arduino15/packages/digistump/hardware/avr/1.7.5/libraries/DigisparkKeyboard/usbdrvasm16.inc:167
    nop                 ;1
skipLeap:
    subi    x2, 1       ;[08]
 7b8:	11 50       	subi	r17, 0x01	; 1
/home/matheo/snap/arduino-cli/62/.arduino15/packages/digistump/hardware/avr/1.7.5/libraries/DigisparkKeyboard/usbdrvasm16.inc:168
    ror     shift       ;[09]
 7ba:	27 95       	ror	r18

000007bc <didUnstuff6>:
didUnstuff6():
/home/matheo/snap/arduino-cli/62/.arduino15/packages/digistump/hardware/avr/1.7.5/libraries/DigisparkKeyboard/usbdrvasm16.inc:170
didUnstuff6:
    cpi     shift, 0xfc ;[10]
 7bc:	2c 3f       	cpi	r18, 0xFC	; 252
/home/matheo/snap/arduino-cli/62/.arduino15/packages/digistump/hardware/avr/1.7.5/libraries/DigisparkKeyboard/usbdrvasm16.inc:171
    in      x2, USBIN   ;[00] [11] <-- sample bit 7
 7be:	16 b3       	in	r17, 0x16	; 22
/home/matheo/snap/arduino-cli/62/.arduino15/packages/digistump/hardware/avr/1.7.5/libraries/DigisparkKeyboard/usbdrvasm16.inc:172
    brcc    unstuff6    ;[01]
 7c0:	c8 f6       	brcc	.-78     	; 0x774 <unstuff6>
/home/matheo/snap/arduino-cli/62/.arduino15/packages/digistump/hardware/avr/1.7.5/libraries/DigisparkKeyboard/usbdrvasm16.inc:173
    andi    x2, USBMASK ;[02]
 7c2:	18 71       	andi	r17, 0x18	; 24
/home/matheo/snap/arduino-cli/62/.arduino15/packages/digistump/hardware/avr/1.7.5/libraries/DigisparkKeyboard/usbdrvasm16.inc:174
    eor     x1, x2      ;[03]
 7c4:	01 27       	eor	r16, r17
/home/matheo/snap/arduino-cli/62/.arduino15/packages/digistump/hardware/avr/1.7.5/libraries/DigisparkKeyboard/usbdrvasm16.inc:175
    subi    x1, 1       ;[04]
 7c6:	01 50       	subi	r16, 0x01	; 1
/home/matheo/snap/arduino-cli/62/.arduino15/packages/digistump/hardware/avr/1.7.5/libraries/DigisparkKeyboard/usbdrvasm16.inc:176
    ror     shift       ;[05]
 7c8:	27 95       	ror	r18

000007ca <didUnstuff7>:
didUnstuff7():
/home/matheo/snap/arduino-cli/62/.arduino15/packages/digistump/hardware/avr/1.7.5/libraries/DigisparkKeyboard/usbdrvasm16.inc:178
didUnstuff7:
    cpi     shift, 0xfc ;[06]
 7ca:	2c 3f       	cpi	r18, 0xFC	; 252
/home/matheo/snap/arduino-cli/62/.arduino15/packages/digistump/hardware/avr/1.7.5/libraries/DigisparkKeyboard/usbdrvasm16.inc:179
    brcc    unstuff7    ;[07]
 7cc:	c8 f6       	brcc	.-78     	; 0x780 <unstuff7>
/home/matheo/snap/arduino-cli/62/.arduino15/packages/digistump/hardware/avr/1.7.5/libraries/DigisparkKeyboard/usbdrvasm16.inc:180
    eor     x3, shift   ;[08] reconstruct: x3 is 1 at bit locations we changed, 0 at others
 7ce:	42 27       	eor	r20, r18
/home/matheo/snap/arduino-cli/62/.arduino15/packages/digistump/hardware/avr/1.7.5/libraries/DigisparkKeyboard/usbdrvasm16.inc:181
    st      y+, x3      ;[09] store data
 7d0:	49 93       	st	Y+, r20

000007d2 <rxBitLoop>:
rxBitLoop():
/home/matheo/snap/arduino-cli/62/.arduino15/packages/digistump/hardware/avr/1.7.5/libraries/DigisparkKeyboard/usbdrvasm16.inc:183
rxBitLoop:
    in      x1, USBIN   ;[00] [11] <-- sample bit 0/2/4
 7d2:	06 b3       	in	r16, 0x16	; 22
/home/matheo/snap/arduino-cli/62/.arduino15/packages/digistump/hardware/avr/1.7.5/libraries/DigisparkKeyboard/usbdrvasm16.inc:184
    andi    x1, USBMASK ;[01]
 7d4:	08 71       	andi	r16, 0x18	; 24
/home/matheo/snap/arduino-cli/62/.arduino15/packages/digistump/hardware/avr/1.7.5/libraries/DigisparkKeyboard/usbdrvasm16.inc:185
    eor     x2, x1      ;[02]
 7d6:	10 27       	eor	r17, r16
/home/matheo/snap/arduino-cli/62/.arduino15/packages/digistump/hardware/avr/1.7.5/libraries/DigisparkKeyboard/usbdrvasm16.inc:186
    andi    x3, 0x3f    ;[03] topmost two bits reserved for 6 and 7
 7d8:	4f 73       	andi	r20, 0x3F	; 63
/home/matheo/snap/arduino-cli/62/.arduino15/packages/digistump/hardware/avr/1.7.5/libraries/DigisparkKeyboard/usbdrvasm16.inc:187
    subi    x2, 1       ;[04]
 7da:	11 50       	subi	r17, 0x01	; 1
/home/matheo/snap/arduino-cli/62/.arduino15/packages/digistump/hardware/avr/1.7.5/libraries/DigisparkKeyboard/usbdrvasm16.inc:188
    ror     shift       ;[05]
 7dc:	27 95       	ror	r18
/home/matheo/snap/arduino-cli/62/.arduino15/packages/digistump/hardware/avr/1.7.5/libraries/DigisparkKeyboard/usbdrvasm16.inc:189
    cpi     shift, 0xfc ;[06]
 7de:	2c 3f       	cpi	r18, 0xFC	; 252
/home/matheo/snap/arduino-cli/62/.arduino15/packages/digistump/hardware/avr/1.7.5/libraries/DigisparkKeyboard/usbdrvasm16.inc:190
    brcc    unstuffEven ;[07]
 7e0:	a8 f6       	brcc	.-86     	; 0x78c <unstuffEven>

000007e2 <didUnstuffE>:
didUnstuffE():
/home/matheo/snap/arduino-cli/62/.arduino15/packages/digistump/hardware/avr/1.7.5/libraries/DigisparkKeyboard/usbdrvasm16.inc:192
didUnstuffE:
    lsr     x3          ;[08]
 7e2:	46 95       	lsr	r20
/home/matheo/snap/arduino-cli/62/.arduino15/packages/digistump/hardware/avr/1.7.5/libraries/DigisparkKeyboard/usbdrvasm16.inc:193
    lsr     x3          ;[09]
 7e4:	46 95       	lsr	r20

000007e6 <rxbit1>:
rxbit1():
/home/matheo/snap/arduino-cli/62/.arduino15/packages/digistump/hardware/avr/1.7.5/libraries/DigisparkKeyboard/usbdrvasm16.inc:195
rxbit1:
    in      x2, USBIN   ;[00] [10] <-- sample bit 1/3/5
 7e6:	16 b3       	in	r17, 0x16	; 22
/home/matheo/snap/arduino-cli/62/.arduino15/packages/digistump/hardware/avr/1.7.5/libraries/DigisparkKeyboard/usbdrvasm16.inc:196
    andi    x2, USBMASK ;[01]
 7e8:	18 71       	andi	r17, 0x18	; 24
/home/matheo/snap/arduino-cli/62/.arduino15/packages/digistump/hardware/avr/1.7.5/libraries/DigisparkKeyboard/usbdrvasm16.inc:197
    breq    se0         ;[02]
 7ea:	79 f0       	breq	.+30     	; 0x80a <se0>
/home/matheo/snap/arduino-cli/62/.arduino15/packages/digistump/hardware/avr/1.7.5/libraries/DigisparkKeyboard/usbdrvasm16.inc:198
    eor     x1, x2      ;[03]
 7ec:	01 27       	eor	r16, r17
/home/matheo/snap/arduino-cli/62/.arduino15/packages/digistump/hardware/avr/1.7.5/libraries/DigisparkKeyboard/usbdrvasm16.inc:199
    subi    x1, 1       ;[04]
 7ee:	01 50       	subi	r16, 0x01	; 1
/home/matheo/snap/arduino-cli/62/.arduino15/packages/digistump/hardware/avr/1.7.5/libraries/DigisparkKeyboard/usbdrvasm16.inc:200
    ror     shift       ;[05]
 7f0:	27 95       	ror	r18
/home/matheo/snap/arduino-cli/62/.arduino15/packages/digistump/hardware/avr/1.7.5/libraries/DigisparkKeyboard/usbdrvasm16.inc:201
    cpi     shift, 0xfc ;[06]
 7f2:	2c 3f       	cpi	r18, 0xFC	; 252
/home/matheo/snap/arduino-cli/62/.arduino15/packages/digistump/hardware/avr/1.7.5/libraries/DigisparkKeyboard/usbdrvasm16.inc:202
    brcc    unstuffOdd  ;[07]
 7f4:	98 f6       	brcc	.-90     	; 0x79c <unstuffOdd>

000007f6 <didUnstuffO>:
didUnstuffO():
/home/matheo/snap/arduino-cli/62/.arduino15/packages/digistump/hardware/avr/1.7.5/libraries/DigisparkKeyboard/usbdrvasm16.inc:204
didUnstuffO:
    subi    bitcnt, 0xab;[08] == addi 0x55, 0x55 = 0x100/3
 7f6:	6b 5a       	subi	r22, 0xAB	; 171
/home/matheo/snap/arduino-cli/62/.arduino15/packages/digistump/hardware/avr/1.7.5/libraries/DigisparkKeyboard/usbdrvasm16.inc:205
    brcs    rxBitLoop   ;[09]
 7f8:	60 f3       	brcs	.-40     	; 0x7d2 <rxBitLoop>
/home/matheo/snap/arduino-cli/62/.arduino15/packages/digistump/hardware/avr/1.7.5/libraries/DigisparkKeyboard/usbdrvasm16.inc:207

    subi    cnt, 1      ;[10]
 7fa:	31 50       	subi	r19, 0x01	; 1
/home/matheo/snap/arduino-cli/62/.arduino15/packages/digistump/hardware/avr/1.7.5/libraries/DigisparkKeyboard/usbdrvasm16.inc:208
    in      x1, USBIN   ;[00] [11] <-- sample bit 6
 7fc:	06 b3       	in	r16, 0x16	; 22
/home/matheo/snap/arduino-cli/62/.arduino15/packages/digistump/hardware/avr/1.7.5/libraries/DigisparkKeyboard/usbdrvasm16.inc:209
    brcc    rxByteLoop  ;[01]
 7fe:	b0 f6       	brcc	.-84     	; 0x7ac <rxByteLoop>
/home/matheo/snap/arduino-cli/62/.arduino15/packages/digistump/hardware/avr/1.7.5/libraries/DigisparkKeyboard/usbdrvasm16.inc:210
    rjmp    overflow
 800:	00 c0       	rjmp	.+0      	; 0x802 <overflow>

00000802 <overflow>:
overflow():
/home/matheo/snap/arduino-cli/62/.arduino15/packages/digistump/hardware/avr/1.7.5/libraries/DigisparkKeyboard/asmcommon.inc:44
*/

#define token   x1

overflow:
    ldi     x2, 1<<USB_INTR_PENDING_BIT
 802:	10 e2       	ldi	r17, 0x20	; 32
/home/matheo/snap/arduino-cli/62/.arduino15/packages/digistump/hardware/avr/1.7.5/libraries/DigisparkKeyboard/asmcommon.inc:45
    USB_STORE_PENDING(x2)       ; clear any pending interrupts
 804:	1a bf       	out	0x3a, r17	; 58

00000806 <ignorePacket>:
ignorePacket():
/home/matheo/snap/arduino-cli/62/.arduino15/packages/digistump/hardware/avr/1.7.5/libraries/DigisparkKeyboard/asmcommon.inc:47
ignorePacket:
    clr     token
 806:	00 27       	eor	r16, r16
/home/matheo/snap/arduino-cli/62/.arduino15/packages/digistump/hardware/avr/1.7.5/libraries/DigisparkKeyboard/asmcommon.inc:48
    rjmp    storeTokenAndReturn
 808:	19 c0       	rjmp	.+50     	; 0x83c <handleSetupOrOut>

0000080a <se0>:
se0():
/home/matheo/snap/arduino-cli/62/.arduino15/packages/digistump/hardware/avr/1.7.5/libraries/DigisparkKeyboard/asmcommon.inc:56
; Processing of received packet (numbers in brackets are cycles after center of SE0)
;----------------------------------------------------------------------------
;This is the only non-error exit point for the software receiver loop
;we don't check any CRCs here because there is no time left.
se0:
    subi    cnt, USB_BUFSIZE    ;[5]
 80a:	3b 50       	subi	r19, 0x0B	; 11
/home/matheo/snap/arduino-cli/62/.arduino15/packages/digistump/hardware/avr/1.7.5/libraries/DigisparkKeyboard/asmcommon.inc:57
    neg     cnt                 ;[6]
 80c:	31 95       	neg	r19
/home/matheo/snap/arduino-cli/62/.arduino15/packages/digistump/hardware/avr/1.7.5/libraries/DigisparkKeyboard/asmcommon.inc:58
    sub     YL, cnt             ;[7]
 80e:	c3 1b       	sub	r28, r19
/home/matheo/snap/arduino-cli/62/.arduino15/packages/digistump/hardware/avr/1.7.5/libraries/DigisparkKeyboard/asmcommon.inc:59
    sbci    YH, 0               ;[8]
 810:	d0 40       	sbci	r29, 0x00	; 0
/home/matheo/snap/arduino-cli/62/.arduino15/packages/digistump/hardware/avr/1.7.5/libraries/DigisparkKeyboard/asmcommon.inc:60
    ldi     x2, 1<<USB_INTR_PENDING_BIT ;[9]
 812:	10 e2       	ldi	r17, 0x20	; 32
/home/matheo/snap/arduino-cli/62/.arduino15/packages/digistump/hardware/avr/1.7.5/libraries/DigisparkKeyboard/asmcommon.inc:61
    USB_STORE_PENDING(x2)       ;[10] clear pending intr and check flag later. SE0 should be over.
 814:	1a bf       	out	0x3a, r17	; 58
/home/matheo/snap/arduino-cli/62/.arduino15/packages/digistump/hardware/avr/1.7.5/libraries/DigisparkKeyboard/asmcommon.inc:62
    ld      token, y            ;[11]
 816:	08 81       	ld	r16, Y
/home/matheo/snap/arduino-cli/62/.arduino15/packages/digistump/hardware/avr/1.7.5/libraries/DigisparkKeyboard/asmcommon.inc:63
    cpi     token, USBPID_DATA0 ;[13]
 818:	03 3c       	cpi	r16, 0xC3	; 195
/home/matheo/snap/arduino-cli/62/.arduino15/packages/digistump/hardware/avr/1.7.5/libraries/DigisparkKeyboard/asmcommon.inc:64
    breq    handleData          ;[14]
 81a:	09 f1       	breq	.+66     	; 0x85e <handleData>
/home/matheo/snap/arduino-cli/62/.arduino15/packages/digistump/hardware/avr/1.7.5/libraries/DigisparkKeyboard/asmcommon.inc:65
    cpi     token, USBPID_DATA1 ;[15]
 81c:	0b 34       	cpi	r16, 0x4B	; 75
/home/matheo/snap/arduino-cli/62/.arduino15/packages/digistump/hardware/avr/1.7.5/libraries/DigisparkKeyboard/asmcommon.inc:66
    breq    handleData          ;[16]
 81e:	f9 f0       	breq	.+62     	; 0x85e <handleData>
/home/matheo/snap/arduino-cli/62/.arduino15/packages/digistump/hardware/avr/1.7.5/libraries/DigisparkKeyboard/asmcommon.inc:67
    lds     shift, usbDeviceAddr;[17]
 820:	20 91 d2 00 	lds	r18, 0x00D2	; 0x8000d2 <usbDeviceAddr>
/home/matheo/snap/arduino-cli/62/.arduino15/packages/digistump/hardware/avr/1.7.5/libraries/DigisparkKeyboard/asmcommon.inc:68
    ldd     x2, y+1             ;[19] ADDR and 1 bit endpoint number
 824:	19 81       	ldd	r17, Y+1	; 0x01
/home/matheo/snap/arduino-cli/62/.arduino15/packages/digistump/hardware/avr/1.7.5/libraries/DigisparkKeyboard/asmcommon.inc:69
    lsl     x2                  ;[21] shift out 1 bit endpoint number
 826:	11 0f       	add	r17, r17
/home/matheo/snap/arduino-cli/62/.arduino15/packages/digistump/hardware/avr/1.7.5/libraries/DigisparkKeyboard/asmcommon.inc:70
    cpse    x2, shift           ;[22]
 828:	12 13       	cpse	r17, r18
/home/matheo/snap/arduino-cli/62/.arduino15/packages/digistump/hardware/avr/1.7.5/libraries/DigisparkKeyboard/asmcommon.inc:71
    rjmp    ignorePacket        ;[23]
 82a:	ed cf       	rjmp	.-38     	; 0x806 <ignorePacket>
/home/matheo/snap/arduino-cli/62/.arduino15/packages/digistump/hardware/avr/1.7.5/libraries/DigisparkKeyboard/asmcommon.inc:74
/* only compute endpoint number in x3 if required later */
#if USB_CFG_HAVE_INTRIN_ENDPOINT || USB_CFG_IMPLEMENT_FN_WRITEOUT
    ldd     x3, y+2             ;[24] endpoint number + crc
 82c:	4a 81       	ldd	r20, Y+2	; 0x02
/home/matheo/snap/arduino-cli/62/.arduino15/packages/digistump/hardware/avr/1.7.5/libraries/DigisparkKeyboard/asmcommon.inc:75
    rol     x3                  ;[26] shift in LSB of endpoint
 82e:	44 1f       	adc	r20, r20
/home/matheo/snap/arduino-cli/62/.arduino15/packages/digistump/hardware/avr/1.7.5/libraries/DigisparkKeyboard/asmcommon.inc:77
#endif
    cpi     token, USBPID_IN    ;[27]
 830:	09 36       	cpi	r16, 0x69	; 105
/home/matheo/snap/arduino-cli/62/.arduino15/packages/digistump/hardware/avr/1.7.5/libraries/DigisparkKeyboard/asmcommon.inc:78
    breq    handleIn            ;[28]
 832:	51 f1       	breq	.+84     	; 0x888 <handleIn>
/home/matheo/snap/arduino-cli/62/.arduino15/packages/digistump/hardware/avr/1.7.5/libraries/DigisparkKeyboard/asmcommon.inc:79
    cpi     token, USBPID_SETUP ;[29]
 834:	0d 32       	cpi	r16, 0x2D	; 45
/home/matheo/snap/arduino-cli/62/.arduino15/packages/digistump/hardware/avr/1.7.5/libraries/DigisparkKeyboard/asmcommon.inc:80
    breq    handleSetupOrOut    ;[30]
 836:	11 f0       	breq	.+4      	; 0x83c <handleSetupOrOut>
/home/matheo/snap/arduino-cli/62/.arduino15/packages/digistump/hardware/avr/1.7.5/libraries/DigisparkKeyboard/asmcommon.inc:81
    cpi     token, USBPID_OUT   ;[31]
 838:	01 3e       	cpi	r16, 0xE1	; 225
/home/matheo/snap/arduino-cli/62/.arduino15/packages/digistump/hardware/avr/1.7.5/libraries/DigisparkKeyboard/asmcommon.inc:82
    brne    ignorePacket        ;[32] must be ack, nak or whatever
 83a:	29 f7       	brne	.-54     	; 0x806 <ignorePacket>

0000083c <handleSetupOrOut>:
storeTokenAndReturn():
/home/matheo/snap/arduino-cli/62/.arduino15/packages/digistump/hardware/avr/1.7.5/libraries/DigisparkKeyboard/asmcommon.inc:95
    andi    x3, 0xf             ;[32]
    breq    storeTokenAndReturn ;[33]
    mov     token, x3           ;[34] indicate that this is endpoint x OUT
#endif
storeTokenAndReturn:
    sts     usbCurrentTok, token;[35]
 83c:	00 93 d7 00 	sts	0x00D7, r16	; 0x8000d7 <usbCurrentTok>

00000840 <doReturn>:
doReturn():
/home/matheo/snap/arduino-cli/62/.arduino15/packages/digistump/hardware/avr/1.7.5/libraries/DigisparkKeyboard/asmcommon.inc:97
doReturn:
    POP_STANDARD                ;[37] 12...16 cycles
 840:	3f 91       	pop	r19
 842:	5f 91       	pop	r21
 844:	4f 91       	pop	r20
 846:	1f 91       	pop	r17
 848:	0f 91       	pop	r16
 84a:	2f 91       	pop	r18
 84c:	6f 91       	pop	r22
/home/matheo/snap/arduino-cli/62/.arduino15/packages/digistump/hardware/avr/1.7.5/libraries/DigisparkKeyboard/asmcommon.inc:98
    USB_LOAD_PENDING(YL)        ;[49]
 84e:	ca b7       	in	r28, 0x3a	; 58
/home/matheo/snap/arduino-cli/62/.arduino15/packages/digistump/hardware/avr/1.7.5/libraries/DigisparkKeyboard/asmcommon.inc:99
    sbrc    YL, USB_INTR_PENDING_BIT;[50] check whether data is already arriving
 850:	c5 fd       	sbrc	r28, 5
/home/matheo/snap/arduino-cli/62/.arduino15/packages/digistump/hardware/avr/1.7.5/libraries/DigisparkKeyboard/asmcommon.inc:100
    rjmp    waitForJ            ;[51] save the pops and pushes -- a new interrupt is already pending
 852:	65 cf       	rjmp	.-310    	; 0x71e <waitForJ>

00000854 <sofError>:
sofError():
/home/matheo/snap/arduino-cli/62/.arduino15/packages/digistump/hardware/avr/1.7.5/libraries/DigisparkKeyboard/asmcommon.inc:102
sofError:
    POP_RETI                    ;macro call
 854:	df 91       	pop	r29
 856:	cf 91       	pop	r28
 858:	cf bf       	out	0x3f, r28	; 63
 85a:	cf 91       	pop	r28
/home/matheo/snap/arduino-cli/62/.arduino15/packages/digistump/hardware/avr/1.7.5/libraries/DigisparkKeyboard/asmcommon.inc:103
    reti
 85c:	18 95       	reti

0000085e <handleData>:
handleData():
/home/matheo/snap/arduino-cli/62/.arduino15/packages/digistump/hardware/avr/1.7.5/libraries/DigisparkKeyboard/asmcommon.inc:109

handleData:
#if USB_CFG_CHECK_CRC
    CRC_CLEANUP_AND_CHECK       ; jumps to ignorePacket if CRC error
#endif
    lds     shift, usbCurrentTok;[18]
 85e:	20 91 d7 00 	lds	r18, 0x00D7	; 0x8000d7 <usbCurrentTok>
/home/matheo/snap/arduino-cli/62/.arduino15/packages/digistump/hardware/avr/1.7.5/libraries/DigisparkKeyboard/asmcommon.inc:110
    tst     shift               ;[20]
 862:	22 23       	and	r18, r18
/home/matheo/snap/arduino-cli/62/.arduino15/packages/digistump/hardware/avr/1.7.5/libraries/DigisparkKeyboard/asmcommon.inc:111
    breq    doReturn            ;[21]
 864:	69 f3       	breq	.-38     	; 0x840 <doReturn>
/home/matheo/snap/arduino-cli/62/.arduino15/packages/digistump/hardware/avr/1.7.5/libraries/DigisparkKeyboard/asmcommon.inc:112
    lds     x2, usbRxLen        ;[22]
 866:	10 91 d5 00 	lds	r17, 0x00D5	; 0x8000d5 <usbRxLen>
/home/matheo/snap/arduino-cli/62/.arduino15/packages/digistump/hardware/avr/1.7.5/libraries/DigisparkKeyboard/asmcommon.inc:113
    tst     x2                  ;[24]
 86a:	11 23       	and	r17, r17
/home/matheo/snap/arduino-cli/62/.arduino15/packages/digistump/hardware/avr/1.7.5/libraries/DigisparkKeyboard/asmcommon.inc:114
    brne    sendNakAndReti      ;[25]
 86c:	91 f5       	brne	.+100    	; 0x8d2 <sendNakAndReti>
/home/matheo/snap/arduino-cli/62/.arduino15/packages/digistump/hardware/avr/1.7.5/libraries/DigisparkKeyboard/asmcommon.inc:117
; 2006-03-11: The following two lines fix a problem where the device was not
; recognized if usbPoll() was called less frequently than once every 4 ms.
    cpi     cnt, 4              ;[26] zero sized data packets are status phase only -- ignore and ack
 86e:	34 30       	cpi	r19, 0x04	; 4
/home/matheo/snap/arduino-cli/62/.arduino15/packages/digistump/hardware/avr/1.7.5/libraries/DigisparkKeyboard/asmcommon.inc:118
    brmi    sendAckAndReti      ;[27] keep rx buffer clean -- we must not NAK next SETUP
 870:	92 f1       	brmi	.+100    	; 0x8d6 <sendAckAndReti>
/home/matheo/snap/arduino-cli/62/.arduino15/packages/digistump/hardware/avr/1.7.5/libraries/DigisparkKeyboard/asmcommon.inc:122
#if USB_CFG_CHECK_DATA_TOGGLING
    sts     usbCurrentDataToken, token  ; store for checking by C code
#endif
    sts     usbRxLen, cnt       ;[28] store received data, swap buffers
 872:	30 93 d5 00 	sts	0x00D5, r19	; 0x8000d5 <usbRxLen>
/home/matheo/snap/arduino-cli/62/.arduino15/packages/digistump/hardware/avr/1.7.5/libraries/DigisparkKeyboard/asmcommon.inc:123
    sts     usbRxToken, shift   ;[30]
 876:	20 93 d3 00 	sts	0x00D3, r18	; 0x8000d3 <usbRxToken>
/home/matheo/snap/arduino-cli/62/.arduino15/packages/digistump/hardware/avr/1.7.5/libraries/DigisparkKeyboard/asmcommon.inc:124
    lds     x2, usbInputBufOffset;[32] swap buffers
 87a:	10 91 d4 00 	lds	r17, 0x00D4	; 0x8000d4 <usbInputBufOffset>
/home/matheo/snap/arduino-cli/62/.arduino15/packages/digistump/hardware/avr/1.7.5/libraries/DigisparkKeyboard/asmcommon.inc:125
    ldi     cnt, USB_BUFSIZE    ;[34]
 87e:	3b e0       	ldi	r19, 0x0B	; 11
/home/matheo/snap/arduino-cli/62/.arduino15/packages/digistump/hardware/avr/1.7.5/libraries/DigisparkKeyboard/asmcommon.inc:126
    sub     cnt, x2             ;[35]
 880:	31 1b       	sub	r19, r17
/home/matheo/snap/arduino-cli/62/.arduino15/packages/digistump/hardware/avr/1.7.5/libraries/DigisparkKeyboard/asmcommon.inc:127
    sts     usbInputBufOffset, cnt;[36] buffers now swapped
 882:	30 93 d4 00 	sts	0x00D4, r19	; 0x8000d4 <usbInputBufOffset>
/home/matheo/snap/arduino-cli/62/.arduino15/packages/digistump/hardware/avr/1.7.5/libraries/DigisparkKeyboard/asmcommon.inc:128
    rjmp    sendAckAndReti      ;[38] 40 + 17 = 57 until SOP
 886:	27 c0       	rjmp	.+78     	; 0x8d6 <sendAckAndReti>

00000888 <handleIn>:
handleIn():
/home/matheo/snap/arduino-cli/62/.arduino15/packages/digistump/hardware/avr/1.7.5/libraries/DigisparkKeyboard/asmcommon.inc:134

handleIn:
;We don't send any data as long as the C code has not processed the current
;input data and potentially updated the output data. That's more efficient
;in terms of code size than clearing the tx buffers when a packet is received.
    lds     x1, usbRxLen        ;[30]
 888:	00 91 d5 00 	lds	r16, 0x00D5	; 0x8000d5 <usbRxLen>
/home/matheo/snap/arduino-cli/62/.arduino15/packages/digistump/hardware/avr/1.7.5/libraries/DigisparkKeyboard/asmcommon.inc:135
    cpi     x1, 1               ;[32] negative values are flow control, 0 means "buffer free"
 88c:	01 30       	cpi	r16, 0x01	; 1
/home/matheo/snap/arduino-cli/62/.arduino15/packages/digistump/hardware/avr/1.7.5/libraries/DigisparkKeyboard/asmcommon.inc:136
    brge    sendNakAndReti      ;[33] unprocessed input packet?
 88e:	0c f5       	brge	.+66     	; 0x8d2 <sendNakAndReti>
/home/matheo/snap/arduino-cli/62/.arduino15/packages/digistump/hardware/avr/1.7.5/libraries/DigisparkKeyboard/asmcommon.inc:137
    ldi     x1, USBPID_NAK      ;[34] prepare value for usbTxLen
 890:	0a e5       	ldi	r16, 0x5A	; 90
/home/matheo/snap/arduino-cli/62/.arduino15/packages/digistump/hardware/avr/1.7.5/libraries/DigisparkKeyboard/asmcommon.inc:139
#if USB_CFG_HAVE_INTRIN_ENDPOINT
    andi    x3, 0xf             ;[35] x3 contains endpoint
 892:	4f 70       	andi	r20, 0x0F	; 15
/home/matheo/snap/arduino-cli/62/.arduino15/packages/digistump/hardware/avr/1.7.5/libraries/DigisparkKeyboard/asmcommon.inc:143
#if USB_CFG_SUPPRESS_INTR_CODE
    brne    sendNakAndReti      ;[36]
#else
    brne    handleIn1           ;[36]
 894:	49 f4       	brne	.+18     	; 0x8a8 <handleIn1>
/home/matheo/snap/arduino-cli/62/.arduino15/packages/digistump/hardware/avr/1.7.5/libraries/DigisparkKeyboard/asmcommon.inc:146
#endif
#endif
    lds     cnt, usbTxLen       ;[37]
 896:	30 91 61 00 	lds	r19, 0x0061	; 0x800061 <usbTxLen>
/home/matheo/snap/arduino-cli/62/.arduino15/packages/digistump/hardware/avr/1.7.5/libraries/DigisparkKeyboard/asmcommon.inc:147
    sbrc    cnt, 4              ;[39] all handshake tokens have bit 4 set
 89a:	34 fd       	sbrc	r19, 4
/home/matheo/snap/arduino-cli/62/.arduino15/packages/digistump/hardware/avr/1.7.5/libraries/DigisparkKeyboard/asmcommon.inc:148
    rjmp    sendCntAndReti      ;[40] 42 + 16 = 58 until SOP
 89c:	1d c0       	rjmp	.+58     	; 0x8d8 <sendCntAndReti>
/home/matheo/snap/arduino-cli/62/.arduino15/packages/digistump/hardware/avr/1.7.5/libraries/DigisparkKeyboard/asmcommon.inc:149
    sts     usbTxLen, x1        ;[41] x1 == USBPID_NAK from above
 89e:	00 93 61 00 	sts	0x0061, r16	; 0x800061 <usbTxLen>
/home/matheo/snap/arduino-cli/62/.arduino15/packages/digistump/hardware/avr/1.7.5/libraries/DigisparkKeyboard/asmcommon.inc:150
    ldi     YL, lo8(usbTxBuf)   ;[43]
 8a2:	cb eb       	ldi	r28, 0xBB	; 187
/home/matheo/snap/arduino-cli/62/.arduino15/packages/digistump/hardware/avr/1.7.5/libraries/DigisparkKeyboard/asmcommon.inc:151
    ldi     YH, hi8(usbTxBuf)   ;[44]
 8a4:	d0 e0       	ldi	r29, 0x00	; 0
/home/matheo/snap/arduino-cli/62/.arduino15/packages/digistump/hardware/avr/1.7.5/libraries/DigisparkKeyboard/asmcommon.inc:152
    rjmp    usbSendAndReti      ;[45] 57 + 12 = 59 until SOP
 8a6:	1c c0       	rjmp	.+56     	; 0x8e0 <usbSendAndReti>

000008a8 <handleIn1>:
handleIn1():
/home/matheo/snap/arduino-cli/62/.arduino15/packages/digistump/hardware/avr/1.7.5/libraries/DigisparkKeyboard/asmcommon.inc:170
#if USB_CFG_HAVE_INTRIN_ENDPOINT3
; 2006-06-10 as suggested by O.Tamura: support second INTR IN / BULK IN endpoint
    cpi     x3, USB_CFG_EP3_NUMBER;[38]
    breq    handleIn3           ;[39]
#endif
    lds     cnt, usbTxLen1      ;[40]
 8a8:	30 91 c6 00 	lds	r19, 0x00C6	; 0x8000c6 <usbTxStatus1>
/home/matheo/snap/arduino-cli/62/.arduino15/packages/digistump/hardware/avr/1.7.5/libraries/DigisparkKeyboard/asmcommon.inc:171
    sbrc    cnt, 4              ;[42] all handshake tokens have bit 4 set
 8ac:	34 fd       	sbrc	r19, 4
/home/matheo/snap/arduino-cli/62/.arduino15/packages/digistump/hardware/avr/1.7.5/libraries/DigisparkKeyboard/asmcommon.inc:172
    rjmp    sendCntAndReti      ;[43] 47 + 16 = 63 until SOP
 8ae:	14 c0       	rjmp	.+40     	; 0x8d8 <sendCntAndReti>
/home/matheo/snap/arduino-cli/62/.arduino15/packages/digistump/hardware/avr/1.7.5/libraries/DigisparkKeyboard/asmcommon.inc:173
    sts     usbTxLen1, x1       ;[44] x1 == USBPID_NAK from above
 8b0:	00 93 c6 00 	sts	0x00C6, r16	; 0x8000c6 <usbTxStatus1>
/home/matheo/snap/arduino-cli/62/.arduino15/packages/digistump/hardware/avr/1.7.5/libraries/DigisparkKeyboard/asmcommon.inc:174
    ldi     YL, lo8(usbTxBuf1)  ;[46]
 8b4:	c7 ec       	ldi	r28, 0xC7	; 199
/home/matheo/snap/arduino-cli/62/.arduino15/packages/digistump/hardware/avr/1.7.5/libraries/DigisparkKeyboard/asmcommon.inc:175
    ldi     YH, hi8(usbTxBuf1)  ;[47]
 8b6:	d0 e0       	ldi	r29, 0x00	; 0
/home/matheo/snap/arduino-cli/62/.arduino15/packages/digistump/hardware/avr/1.7.5/libraries/DigisparkKeyboard/asmcommon.inc:176
    rjmp    usbSendAndReti      ;[48] 50 + 12 = 62 until SOP
 8b8:	13 c0       	rjmp	.+38     	; 0x8e0 <usbSendAndReti>

000008ba <bitstuffN>:
bitstuffN():
/home/matheo/snap/arduino-cli/62/.arduino15/packages/digistump/hardware/avr/1.7.5/libraries/DigisparkKeyboard/usbdrvasm16.inc:237
; J = (D+ = 0), (D- = 1)
; K = (D+ = 1), (D- = 0)
; Spec allows 7.5 bit times from EOP to SOP for replies

bitstuffN:
    eor     x1, x4          ;[5]
 8ba:	05 27       	eor	r16, r21
/home/matheo/snap/arduino-cli/62/.arduino15/packages/digistump/hardware/avr/1.7.5/libraries/DigisparkKeyboard/usbdrvasm16.inc:238
    ldi     x2, 0           ;[6]
 8bc:	10 e0       	ldi	r17, 0x00	; 0
/home/matheo/snap/arduino-cli/62/.arduino15/packages/digistump/hardware/avr/1.7.5/libraries/DigisparkKeyboard/usbdrvasm16.inc:239
    nop2                    ;[7]
 8be:	00 c0       	rjmp	.+0      	; 0x8c0 <bitstuffN+0x6>
/home/matheo/snap/arduino-cli/62/.arduino15/packages/digistump/hardware/avr/1.7.5/libraries/DigisparkKeyboard/usbdrvasm16.inc:240
    nop                     ;[9]
 8c0:	00 00       	nop
/home/matheo/snap/arduino-cli/62/.arduino15/packages/digistump/hardware/avr/1.7.5/libraries/DigisparkKeyboard/usbdrvasm16.inc:241
    out     USBOUT, x1      ;[10] <-- out
 8c2:	08 bb       	out	0x18, r16	; 24
/home/matheo/snap/arduino-cli/62/.arduino15/packages/digistump/hardware/avr/1.7.5/libraries/DigisparkKeyboard/usbdrvasm16.inc:242
    rjmp    didStuffN       ;[0]
 8c4:	1a c0       	rjmp	.+52     	; 0x8fa <didStuffN>

000008c6 <bitstuff6>:
bitstuff6():
/home/matheo/snap/arduino-cli/62/.arduino15/packages/digistump/hardware/avr/1.7.5/libraries/DigisparkKeyboard/usbdrvasm16.inc:245
    
bitstuff6:
    eor     x1, x4          ;[5]
 8c6:	05 27       	eor	r16, r21
/home/matheo/snap/arduino-cli/62/.arduino15/packages/digistump/hardware/avr/1.7.5/libraries/DigisparkKeyboard/usbdrvasm16.inc:246
    ldi     x2, 0           ;[6] Carry is zero due to brcc
 8c8:	10 e0       	ldi	r17, 0x00	; 0
/home/matheo/snap/arduino-cli/62/.arduino15/packages/digistump/hardware/avr/1.7.5/libraries/DigisparkKeyboard/usbdrvasm16.inc:247
    rol     shift           ;[7] compensate for ror shift at branch destination
 8ca:	22 1f       	adc	r18, r18
/home/matheo/snap/arduino-cli/62/.arduino15/packages/digistump/hardware/avr/1.7.5/libraries/DigisparkKeyboard/usbdrvasm16.inc:248
    rjmp    didStuff6       ;[8]
 8cc:	1d c0       	rjmp	.+58     	; 0x908 <didStuff6>

000008ce <bitstuff7>:
bitstuff7():
/home/matheo/snap/arduino-cli/62/.arduino15/packages/digistump/hardware/avr/1.7.5/libraries/DigisparkKeyboard/usbdrvasm16.inc:251

bitstuff7:
    ldi     x2, 0           ;[2] Carry is zero due to brcc
 8ce:	10 e0       	ldi	r17, 0x00	; 0
/home/matheo/snap/arduino-cli/62/.arduino15/packages/digistump/hardware/avr/1.7.5/libraries/DigisparkKeyboard/usbdrvasm16.inc:252
    rjmp    didStuff7       ;[3]
 8d0:	21 c0       	rjmp	.+66     	; 0x914 <didStuff7>

000008d2 <sendNakAndReti>:
sendNakAndReti():
/home/matheo/snap/arduino-cli/62/.arduino15/packages/digistump/hardware/avr/1.7.5/libraries/DigisparkKeyboard/usbdrvasm16.inc:256


sendNakAndReti:
    ldi     x3, USBPID_NAK  ;[-18]
 8d2:	4a e5       	ldi	r20, 0x5A	; 90
/home/matheo/snap/arduino-cli/62/.arduino15/packages/digistump/hardware/avr/1.7.5/libraries/DigisparkKeyboard/usbdrvasm16.inc:257
    rjmp    sendX3AndReti   ;[-17]
 8d4:	02 c0       	rjmp	.+4      	; 0x8da <sendX3AndReti>

000008d6 <sendAckAndReti>:
sendAckAndReti():
/home/matheo/snap/arduino-cli/62/.arduino15/packages/digistump/hardware/avr/1.7.5/libraries/DigisparkKeyboard/usbdrvasm16.inc:259
sendAckAndReti:
    ldi     cnt, USBPID_ACK ;[-17]
 8d6:	32 ed       	ldi	r19, 0xD2	; 210

000008d8 <sendCntAndReti>:
sendCntAndReti():
/home/matheo/snap/arduino-cli/62/.arduino15/packages/digistump/hardware/avr/1.7.5/libraries/DigisparkKeyboard/usbdrvasm16.inc:261
sendCntAndReti:
    mov     x3, cnt         ;[-16]
 8d8:	43 2f       	mov	r20, r19

000008da <sendX3AndReti>:
sendX3AndReti():
/home/matheo/snap/arduino-cli/62/.arduino15/packages/digistump/hardware/avr/1.7.5/libraries/DigisparkKeyboard/usbdrvasm16.inc:263
sendX3AndReti:
    ldi     YL, 20          ;[-15] x3==r20 address is 20
 8da:	c4 e1       	ldi	r28, 0x14	; 20
/home/matheo/snap/arduino-cli/62/.arduino15/packages/digistump/hardware/avr/1.7.5/libraries/DigisparkKeyboard/usbdrvasm16.inc:264
    ldi     YH, 0           ;[-14]
 8dc:	d0 e0       	ldi	r29, 0x00	; 0
/home/matheo/snap/arduino-cli/62/.arduino15/packages/digistump/hardware/avr/1.7.5/libraries/DigisparkKeyboard/usbdrvasm16.inc:265
    ldi     cnt, 2          ;[-13]
 8de:	32 e0       	ldi	r19, 0x02	; 2

000008e0 <usbSendAndReti>:
usbSendAndReti():
/home/matheo/snap/arduino-cli/62/.arduino15/packages/digistump/hardware/avr/1.7.5/libraries/DigisparkKeyboard/usbdrvasm16.inc:276
;uses: x1...x4, btcnt, shift, cnt, Y
;Numbers in brackets are time since first bit of sync pattern is sent
;We don't match the transfer rate exactly (don't insert leap cycles every third
;byte) because the spec demands only 1.5% precision anyway.
usbSendAndReti:             ; 12 cycles until SOP
    in      x2, USBDDR      ;[-12]
 8e0:	17 b3       	in	r17, 0x17	; 23
/home/matheo/snap/arduino-cli/62/.arduino15/packages/digistump/hardware/avr/1.7.5/libraries/DigisparkKeyboard/usbdrvasm16.inc:277
    ori     x2, USBMASK     ;[-11]
 8e2:	18 61       	ori	r17, 0x18	; 24
/home/matheo/snap/arduino-cli/62/.arduino15/packages/digistump/hardware/avr/1.7.5/libraries/DigisparkKeyboard/usbdrvasm16.inc:278
    sbi     USBOUT, USBMINUS;[-10] prepare idle state; D+ and D- must have been 0 (no pullups)
 8e4:	c3 9a       	sbi	0x18, 3	; 24
/home/matheo/snap/arduino-cli/62/.arduino15/packages/digistump/hardware/avr/1.7.5/libraries/DigisparkKeyboard/usbdrvasm16.inc:279
    in      x1, USBOUT      ;[-8] port mirror for tx loop
 8e6:	08 b3       	in	r16, 0x18	; 24
/home/matheo/snap/arduino-cli/62/.arduino15/packages/digistump/hardware/avr/1.7.5/libraries/DigisparkKeyboard/usbdrvasm16.inc:280
    out     USBDDR, x2      ;[-7] <- acquire bus
 8e8:	17 bb       	out	0x17, r17	; 23
/home/matheo/snap/arduino-cli/62/.arduino15/packages/digistump/hardware/avr/1.7.5/libraries/DigisparkKeyboard/usbdrvasm16.inc:282
; need not init x2 (bitstuff history) because sync starts with 0
    ldi     x4, USBMASK     ;[-6] exor mask
 8ea:	58 e1       	ldi	r21, 0x18	; 24
/home/matheo/snap/arduino-cli/62/.arduino15/packages/digistump/hardware/avr/1.7.5/libraries/DigisparkKeyboard/usbdrvasm16.inc:283
    ldi     shift, 0x80     ;[-5] sync byte is first byte sent
 8ec:	20 e8       	ldi	r18, 0x80	; 128

000008ee <txByteLoop>:
txByteLoop():
/home/matheo/snap/arduino-cli/62/.arduino15/packages/digistump/hardware/avr/1.7.5/libraries/DigisparkKeyboard/usbdrvasm16.inc:285
txByteLoop:
    ldi     bitcnt, 0x35    ;[-4] [6] binary 0011 0101
 8ee:	65 e3       	ldi	r22, 0x35	; 53

000008f0 <txBitLoop>:
txBitLoop():
/home/matheo/snap/arduino-cli/62/.arduino15/packages/digistump/hardware/avr/1.7.5/libraries/DigisparkKeyboard/usbdrvasm16.inc:287
txBitLoop:
    sbrs    shift, 0        ;[-3] [7]
 8f0:	20 ff       	sbrs	r18, 0
/home/matheo/snap/arduino-cli/62/.arduino15/packages/digistump/hardware/avr/1.7.5/libraries/DigisparkKeyboard/usbdrvasm16.inc:288
    eor     x1, x4          ;[-2] [8]
 8f2:	05 27       	eor	r16, r21
/home/matheo/snap/arduino-cli/62/.arduino15/packages/digistump/hardware/avr/1.7.5/libraries/DigisparkKeyboard/usbdrvasm16.inc:289
    out     USBOUT, x1      ;[-1] [9] <-- out N
 8f4:	08 bb       	out	0x18, r16	; 24
/home/matheo/snap/arduino-cli/62/.arduino15/packages/digistump/hardware/avr/1.7.5/libraries/DigisparkKeyboard/usbdrvasm16.inc:290
    ror     shift           ;[0] [10]
 8f6:	27 95       	ror	r18
/home/matheo/snap/arduino-cli/62/.arduino15/packages/digistump/hardware/avr/1.7.5/libraries/DigisparkKeyboard/usbdrvasm16.inc:291
    ror     x2              ;[1]
 8f8:	17 95       	ror	r17

000008fa <didStuffN>:
didStuffN():
/home/matheo/snap/arduino-cli/62/.arduino15/packages/digistump/hardware/avr/1.7.5/libraries/DigisparkKeyboard/usbdrvasm16.inc:293
didStuffN:
    cpi     x2, 0xfc        ;[2]
 8fa:	1c 3f       	cpi	r17, 0xFC	; 252
/home/matheo/snap/arduino-cli/62/.arduino15/packages/digistump/hardware/avr/1.7.5/libraries/DigisparkKeyboard/usbdrvasm16.inc:294
    brcc    bitstuffN       ;[3]
 8fc:	f0 f6       	brcc	.-68     	; 0x8ba <bitstuffN>
/home/matheo/snap/arduino-cli/62/.arduino15/packages/digistump/hardware/avr/1.7.5/libraries/DigisparkKeyboard/usbdrvasm16.inc:295
    lsr     bitcnt          ;[4]
 8fe:	66 95       	lsr	r22
/home/matheo/snap/arduino-cli/62/.arduino15/packages/digistump/hardware/avr/1.7.5/libraries/DigisparkKeyboard/usbdrvasm16.inc:296
    brcc    txBitLoop       ;[5]
 900:	b8 f7       	brcc	.-18     	; 0x8f0 <txBitLoop>
/home/matheo/snap/arduino-cli/62/.arduino15/packages/digistump/hardware/avr/1.7.5/libraries/DigisparkKeyboard/usbdrvasm16.inc:297
    brne    txBitLoop       ;[6]
 902:	b1 f7       	brne	.-20     	; 0x8f0 <txBitLoop>
/home/matheo/snap/arduino-cli/62/.arduino15/packages/digistump/hardware/avr/1.7.5/libraries/DigisparkKeyboard/usbdrvasm16.inc:299

    sbrs    shift, 0        ;[7]
 904:	20 ff       	sbrs	r18, 0
/home/matheo/snap/arduino-cli/62/.arduino15/packages/digistump/hardware/avr/1.7.5/libraries/DigisparkKeyboard/usbdrvasm16.inc:300
    eor     x1, x4          ;[8]
 906:	05 27       	eor	r16, r21

00000908 <didStuff6>:
didStuff6():
/home/matheo/snap/arduino-cli/62/.arduino15/packages/digistump/hardware/avr/1.7.5/libraries/DigisparkKeyboard/usbdrvasm16.inc:302
didStuff6:
    out     USBOUT, x1      ;[-1] [9] <-- out 6
 908:	08 bb       	out	0x18, r16	; 24
/home/matheo/snap/arduino-cli/62/.arduino15/packages/digistump/hardware/avr/1.7.5/libraries/DigisparkKeyboard/usbdrvasm16.inc:303
    ror     shift           ;[0] [10]
 90a:	27 95       	ror	r18
/home/matheo/snap/arduino-cli/62/.arduino15/packages/digistump/hardware/avr/1.7.5/libraries/DigisparkKeyboard/usbdrvasm16.inc:304
    ror     x2              ;[1]
 90c:	17 95       	ror	r17
/home/matheo/snap/arduino-cli/62/.arduino15/packages/digistump/hardware/avr/1.7.5/libraries/DigisparkKeyboard/usbdrvasm16.inc:305
    cpi     x2, 0xfc        ;[2]
 90e:	1c 3f       	cpi	r17, 0xFC	; 252
/home/matheo/snap/arduino-cli/62/.arduino15/packages/digistump/hardware/avr/1.7.5/libraries/DigisparkKeyboard/usbdrvasm16.inc:306
    brcc    bitstuff6       ;[3]
 910:	d0 f6       	brcc	.-76     	; 0x8c6 <bitstuff6>
/home/matheo/snap/arduino-cli/62/.arduino15/packages/digistump/hardware/avr/1.7.5/libraries/DigisparkKeyboard/usbdrvasm16.inc:307
    ror     shift           ;[4]
 912:	27 95       	ror	r18

00000914 <didStuff7>:
didStuff7():
/home/matheo/snap/arduino-cli/62/.arduino15/packages/digistump/hardware/avr/1.7.5/libraries/DigisparkKeyboard/usbdrvasm16.inc:309
didStuff7:
    ror     x2              ;[5]
 914:	17 95       	ror	r17
/home/matheo/snap/arduino-cli/62/.arduino15/packages/digistump/hardware/avr/1.7.5/libraries/DigisparkKeyboard/usbdrvasm16.inc:310
    sbrs    x2, 7           ;[6]
 916:	17 ff       	sbrs	r17, 7
/home/matheo/snap/arduino-cli/62/.arduino15/packages/digistump/hardware/avr/1.7.5/libraries/DigisparkKeyboard/usbdrvasm16.inc:311
    eor     x1, x4          ;[7]
 918:	05 27       	eor	r16, r21
/home/matheo/snap/arduino-cli/62/.arduino15/packages/digistump/hardware/avr/1.7.5/libraries/DigisparkKeyboard/usbdrvasm16.inc:312
    nop                     ;[8]
 91a:	00 00       	nop
/home/matheo/snap/arduino-cli/62/.arduino15/packages/digistump/hardware/avr/1.7.5/libraries/DigisparkKeyboard/usbdrvasm16.inc:313
    cpi     x2, 0xfc        ;[9]
 91c:	1c 3f       	cpi	r17, 0xFC	; 252
/home/matheo/snap/arduino-cli/62/.arduino15/packages/digistump/hardware/avr/1.7.5/libraries/DigisparkKeyboard/usbdrvasm16.inc:314
    out     USBOUT, x1      ;[-1][10] <-- out 7
 91e:	08 bb       	out	0x18, r16	; 24
/home/matheo/snap/arduino-cli/62/.arduino15/packages/digistump/hardware/avr/1.7.5/libraries/DigisparkKeyboard/usbdrvasm16.inc:315
    brcc    bitstuff7       ;[0] [11]
 920:	b0 f6       	brcc	.-84     	; 0x8ce <bitstuff7>
/home/matheo/snap/arduino-cli/62/.arduino15/packages/digistump/hardware/avr/1.7.5/libraries/DigisparkKeyboard/usbdrvasm16.inc:316
    ld      shift, y+       ;[1]
 922:	29 91       	ld	r18, Y+
/home/matheo/snap/arduino-cli/62/.arduino15/packages/digistump/hardware/avr/1.7.5/libraries/DigisparkKeyboard/usbdrvasm16.inc:317
    dec     cnt             ;[3]
 924:	3a 95       	dec	r19
/home/matheo/snap/arduino-cli/62/.arduino15/packages/digistump/hardware/avr/1.7.5/libraries/DigisparkKeyboard/usbdrvasm16.inc:318
    brne    txByteLoop      ;[4]
 926:	19 f7       	brne	.-58     	; 0x8ee <txByteLoop>
/home/matheo/snap/arduino-cli/62/.arduino15/packages/digistump/hardware/avr/1.7.5/libraries/DigisparkKeyboard/usbdrvasm16.inc:320
;make SE0:
    cbr     x1, USBMASK     ;[5] prepare SE0 [spec says EOP may be 21 to 25 cycles]
 928:	07 7e       	andi	r16, 0xE7	; 231
/home/matheo/snap/arduino-cli/62/.arduino15/packages/digistump/hardware/avr/1.7.5/libraries/DigisparkKeyboard/usbdrvasm16.inc:321
    lds     x2, usbNewDeviceAddr;[6]
 92a:	10 91 d6 00 	lds	r17, 0x00D6	; 0x8000d6 <usbNewDeviceAddr>
/home/matheo/snap/arduino-cli/62/.arduino15/packages/digistump/hardware/avr/1.7.5/libraries/DigisparkKeyboard/usbdrvasm16.inc:322
    lsl     x2              ;[8] we compare with left shifted address
 92e:	11 0f       	add	r17, r17
/home/matheo/snap/arduino-cli/62/.arduino15/packages/digistump/hardware/avr/1.7.5/libraries/DigisparkKeyboard/usbdrvasm16.inc:323
    subi    YL, 20 + 2      ;[9] Only assign address on data packets, not ACK/NAK in x3
 930:	c6 51       	subi	r28, 0x16	; 22
/home/matheo/snap/arduino-cli/62/.arduino15/packages/digistump/hardware/avr/1.7.5/libraries/DigisparkKeyboard/usbdrvasm16.inc:324
    sbci    YH, 0           ;[10]
 932:	d0 40       	sbci	r29, 0x00	; 0
/home/matheo/snap/arduino-cli/62/.arduino15/packages/digistump/hardware/avr/1.7.5/libraries/DigisparkKeyboard/usbdrvasm16.inc:325
    out     USBOUT, x1      ;[11] <-- out SE0 -- from now 2 bits = 22 cycles until bus idle
 934:	08 bb       	out	0x18, r16	; 24
/home/matheo/snap/arduino-cli/62/.arduino15/packages/digistump/hardware/avr/1.7.5/libraries/DigisparkKeyboard/usbdrvasm16.inc:328
;2006-03-06: moved transfer of new address to usbDeviceAddr from C-Code to asm:
;set address only after data packet was sent, not after handshake
    breq    skipAddrAssign  ;[0]
 936:	11 f0       	breq	.+4      	; 0x93c <skipAddrAssign>
/home/matheo/snap/arduino-cli/62/.arduino15/packages/digistump/hardware/avr/1.7.5/libraries/DigisparkKeyboard/usbdrvasm16.inc:329
    sts     usbDeviceAddr, x2; if not skipped: SE0 is one cycle longer
 938:	10 93 d2 00 	sts	0x00D2, r17	; 0x8000d2 <usbDeviceAddr>

0000093c <skipAddrAssign>:
skipAddrAssign():
/home/matheo/snap/arduino-cli/62/.arduino15/packages/digistump/hardware/avr/1.7.5/libraries/DigisparkKeyboard/usbdrvasm16.inc:332
skipAddrAssign:
;end of usbDeviceAddress transfer
    ldi     x2, 1<<USB_INTR_PENDING_BIT;[2] int0 occurred during TX -- clear pending flag
 93c:	10 e2       	ldi	r17, 0x20	; 32
/home/matheo/snap/arduino-cli/62/.arduino15/packages/digistump/hardware/avr/1.7.5/libraries/DigisparkKeyboard/usbdrvasm16.inc:333
    USB_STORE_PENDING(x2)   ;[3]
 93e:	1a bf       	out	0x3a, r17	; 58
/home/matheo/snap/arduino-cli/62/.arduino15/packages/digistump/hardware/avr/1.7.5/libraries/DigisparkKeyboard/usbdrvasm16.inc:334
    ori     x1, USBIDLE     ;[4]
 940:	08 60       	ori	r16, 0x08	; 8
/home/matheo/snap/arduino-cli/62/.arduino15/packages/digistump/hardware/avr/1.7.5/libraries/DigisparkKeyboard/usbdrvasm16.inc:335
    in      x2, USBDDR      ;[5]
 942:	17 b3       	in	r17, 0x17	; 23
/home/matheo/snap/arduino-cli/62/.arduino15/packages/digistump/hardware/avr/1.7.5/libraries/DigisparkKeyboard/usbdrvasm16.inc:336
    cbr     x2, USBMASK     ;[6] set both pins to input
 944:	17 7e       	andi	r17, 0xE7	; 231
/home/matheo/snap/arduino-cli/62/.arduino15/packages/digistump/hardware/avr/1.7.5/libraries/DigisparkKeyboard/usbdrvasm16.inc:337
    mov     x3, x1          ;[7]
 946:	40 2f       	mov	r20, r16
/home/matheo/snap/arduino-cli/62/.arduino15/packages/digistump/hardware/avr/1.7.5/libraries/DigisparkKeyboard/usbdrvasm16.inc:338
    cbr     x3, USBMASK     ;[8] configure no pullup on both pins
 948:	47 7e       	andi	r20, 0xE7	; 231
/home/matheo/snap/arduino-cli/62/.arduino15/packages/digistump/hardware/avr/1.7.5/libraries/DigisparkKeyboard/usbdrvasm16.inc:339
    ldi     x4, 4           ;[9]
 94a:	54 e0       	ldi	r21, 0x04	; 4

0000094c <se0Delay>:
se0Delay():
/home/matheo/snap/arduino-cli/62/.arduino15/packages/digistump/hardware/avr/1.7.5/libraries/DigisparkKeyboard/usbdrvasm16.inc:341
se0Delay:
    dec     x4              ;[10] [13] [16] [19]
 94c:	5a 95       	dec	r21
/home/matheo/snap/arduino-cli/62/.arduino15/packages/digistump/hardware/avr/1.7.5/libraries/DigisparkKeyboard/usbdrvasm16.inc:342
    brne    se0Delay        ;[11] [14] [17] [20]
 94e:	f1 f7       	brne	.-4      	; 0x94c <se0Delay>
/home/matheo/snap/arduino-cli/62/.arduino15/packages/digistump/hardware/avr/1.7.5/libraries/DigisparkKeyboard/usbdrvasm16.inc:343
    out     USBOUT, x1      ;[21] <-- out J (idle) -- end of SE0 (EOP signal)
 950:	08 bb       	out	0x18, r16	; 24
/home/matheo/snap/arduino-cli/62/.arduino15/packages/digistump/hardware/avr/1.7.5/libraries/DigisparkKeyboard/usbdrvasm16.inc:344
    out     USBDDR, x2      ;[22] <-- release bus now
 952:	17 bb       	out	0x17, r17	; 23
/home/matheo/snap/arduino-cli/62/.arduino15/packages/digistump/hardware/avr/1.7.5/libraries/DigisparkKeyboard/usbdrvasm16.inc:345
    out     USBOUT, x3      ;[23] <-- ensure no pull-up resistors are active
 954:	48 bb       	out	0x18, r20	; 24
/home/matheo/snap/arduino-cli/62/.arduino15/packages/digistump/hardware/avr/1.7.5/libraries/DigisparkKeyboard/usbdrvasm16.inc:346
    rjmp    doReturn
 956:	74 cf       	rjmp	.-280    	; 0x840 <doReturn>

00000958 <main>:
read_factory_calibration():
/home/matheo/snap/arduino-cli/62/.arduino15/packages/digistump/hardware/avr/1.7.5/cores/tiny/wiring.c:289
#if F_CPU != 16500000L
  // used to detect bootloader applying calibration in init
  byte read_factory_calibration(void)
  {
    byte SIGRD = 5; // for some reason this isn't defined...
    byte value = boot_signature_byte_get(1);
 958:	81 e2       	ldi	r24, 0x21	; 33
 95a:	e1 e0       	ldi	r30, 0x01	; 1
 95c:	f0 e0       	ldi	r31, 0x00	; 0
 95e:	80 93 57 00 	sts	0x0057, r24	; 0x800057 <__EEPROM_REGION_LENGTH__+0x7f0057>
 962:	84 91       	lpm	r24, Z
init():
/home/matheo/snap/arduino-cli/62/.arduino15/packages/digistump/hardware/avr/1.7.5/cores/tiny/wiring.c:303
  #if F_CPU != 16500000L
    // On my Digispark board, micronucleus sets OSCCAL from 82 to 85 (or 58 to 5A) for 16.5 MHz.
    // So do not use the rule of thumb below, since this will lead to a clock being too slow.
    // (I only discovered it, because my serial did not worked with the original code).
    // Restoring just the factory calibration value is more reliable!
    OSCCAL = read_factory_calibration();
 964:	81 bf       	out	0x31, r24	; 49
/home/matheo/snap/arduino-cli/62/.arduino15/packages/digistump/hardware/avr/1.7.5/cores/tiny/wiring.c:339
      #warning "Cannot prescale chip to specified F_CPU speed"
    #endif
  #endif

  // this needs to be called before setup() or some functions won't work there
  sei();
 966:	78 94       	sei
Timer1_SetWaveformGenerationMode():
/home/matheo/snap/arduino-cli/62/.arduino15/packages/digistump/hardware/avr/1.7.5/cores/tiny/core_timers.h:955
}
timer1_wgm_t;

__attribute__((always_inline)) static inline void Timer1_SetWaveformGenerationMode( timer1_wgm_t wgm )
{
  TCCR1 = (TCCR1 & ~MASK1(CTC1)) | ((wgm & 0x1) << CTC1);
 968:	80 b7       	in	r24, 0x30	; 48
 96a:	80 68       	ori	r24, 0x80	; 128
 96c:	80 bf       	out	0x30, r24	; 48
/home/matheo/snap/arduino-cli/62/.arduino15/packages/digistump/hardware/avr/1.7.5/cores/tiny/core_timers.h:959

  if ( wgm & _Timer1_Enable_PWM_Mask )
  {
    TCCR1 |= MASK1(PWM1A);
 96e:	80 b7       	in	r24, 0x30	; 48
 970:	80 64       	ori	r24, 0x40	; 64
 972:	80 bf       	out	0x30, r24	; 48
/home/matheo/snap/arduino-cli/62/.arduino15/packages/digistump/hardware/avr/1.7.5/cores/tiny/core_timers.h:960
    GTCCR |= MASK1(PWM1B);
 974:	8c b5       	in	r24, 0x2c	; 44
 976:	80 64       	ori	r24, 0x40	; 64
 978:	8c bd       	out	0x2c, r24	; 44
/home/matheo/snap/arduino-cli/62/.arduino15/packages/digistump/hardware/avr/1.7.5/cores/tiny/core_timers.h:965
  }

  if ( wgm & _Timer1_Set_OCRnC_To_FF_Mask )
  {
    OCR1C = 0xFF;
 97a:	8f ef       	ldi	r24, 0xFF	; 255
 97c:	8d bd       	out	0x2d, r24	; 45
Timer1_ClockSelect():
/home/matheo/snap/arduino-cli/62/.arduino15/packages/digistump/hardware/avr/1.7.5/cores/tiny/core_timers.h:933
}
timer1_cs_t;

__attribute__((always_inline)) static inline void Timer1_ClockSelect( timer1_cs_t cs )
{
  TCCR1 = (TCCR1 & ~MASK4(CS13,CS12,CS11,CS10)) | (cs << CS10);
 97e:	80 b7       	in	r24, 0x30	; 48
 980:	80 7f       	andi	r24, 0xF0	; 240
 982:	87 60       	ori	r24, 0x07	; 7
 984:	80 bf       	out	0x30, r24	; 48
Timer1_EnableOverflowInterrupt():
/home/matheo/snap/arduino-cli/62/.arduino15/packages/digistump/hardware/avr/1.7.5/cores/tiny/core_timers.h:1024
  TIMSK |= (1<<OCIE1A);
} 

__attribute__((always_inline)) static inline void Timer1_EnableOverflowInterrupt( void )
{
  TIMSK |= (1<<TOIE1);
 986:	89 b7       	in	r24, 0x39	; 57
 988:	84 60       	ori	r24, 0x04	; 4
 98a:	89 bf       	out	0x39, r24	; 57
Timer0_ClockSelect():
/home/matheo/snap/arduino-cli/62/.arduino15/packages/digistump/hardware/avr/1.7.5/cores/tiny/core_timers.h:754
}
timer0_cs_t;

__attribute__((always_inline)) static inline void Timer0_ClockSelect( timer0_cs_t cs )
{
  TCCR0B = (TCCR0B & ~MASK3(CS02,CS01,CS00)) | (cs << CS00);
 98c:	83 b7       	in	r24, 0x33	; 51
 98e:	88 7f       	andi	r24, 0xF8	; 248
 990:	83 bf       	out	0x33, r24	; 51
Timer0_SetWaveformGenerationMode():
/home/matheo/snap/arduino-cli/62/.arduino15/packages/digistump/hardware/avr/1.7.5/cores/tiny/core_timers.h:772
}
timer0_wgm_t;

__attribute__((always_inline)) static inline void Timer0_SetWaveformGenerationMode( timer0_wgm_t wgm )
{
  TCCR0A = (TCCR0A & ~MASK2(WGM01,WGM00)) | (((wgm & B011) >> 0) << WGM00);
 992:	8a b5       	in	r24, 0x2a	; 42
 994:	8c 7f       	andi	r24, 0xFC	; 252
 996:	81 60       	ori	r24, 0x01	; 1
 998:	8a bd       	out	0x2a, r24	; 42
/home/matheo/snap/arduino-cli/62/.arduino15/packages/digistump/hardware/avr/1.7.5/cores/tiny/core_timers.h:773
  TCCR0B = (TCCR0B & ~MASK1(WGM02))       | (((wgm & B100) >> 2) << WGM02);
 99a:	83 b7       	in	r24, 0x33	; 51
 99c:	87 7f       	andi	r24, 0xF7	; 247
 99e:	83 bf       	out	0x33, r24	; 51
Timer0_ClockSelect():
/home/matheo/snap/arduino-cli/62/.arduino15/packages/digistump/hardware/avr/1.7.5/cores/tiny/core_timers.h:754
}
timer0_cs_t;

__attribute__((always_inline)) static inline void Timer0_ClockSelect( timer0_cs_t cs )
{
  TCCR0B = (TCCR0B & ~MASK3(CS02,CS01,CS00)) | (cs << CS00);
 9a0:	83 b7       	in	r24, 0x33	; 51
 9a2:	88 7f       	andi	r24, 0xF8	; 248
 9a4:	83 60       	ori	r24, 0x03	; 3
 9a6:	83 bf       	out	0x33, r24	; 51
ADC_PrescalerSelect():
/home/matheo/snap/arduino-cli/62/.arduino15/packages/digistump/hardware/avr/1.7.5/cores/tiny/core_adc.h:82
}
adc_ps_t;

__attribute__((always_inline)) static inline void ADC_PrescalerSelect( adc_ps_t ps )
{
  ADCSRA = (ADCSRA & ~MASK3(ADPS2,ADPS1,ADPS0)) | (ps << ADPS0);
 9a8:	86 b1       	in	r24, 0x06	; 6
 9aa:	87 60       	ori	r24, 0x07	; 7
 9ac:	86 b9       	out	0x06, r24	; 6
ADC_Enable():
/home/matheo/snap/arduino-cli/62/.arduino15/packages/digistump/hardware/avr/1.7.5/cores/tiny/core_adc.h:87
}

__attribute__((always_inline)) static inline void ADC_Enable( void )
{
  ADCSRA |= MASK1( ADEN );
 9ae:	37 9a       	sbi	0x06, 7	; 6
loop():
/home/matheo/Bureau/hotplug/payload/payload.ino:8
void setup() {
  // Vide
}

void loop() {
  DigiKeyboard.sendKeyStroke(0);
 9b0:	80 e0       	ldi	r24, 0x00	; 0
 9b2:	31 de       	rcall	.-926    	; 0x616 <DigiKeyboardDevice::sendKeyStroke(unsigned char) [clone .constprop.2]>
/home/matheo/Bureau/hotplug/payload/payload.ino:9
  DigiKeyboard.delay(500);
 9b4:	64 ef       	ldi	r22, 0xF4	; 244
 9b6:	71 e0       	ldi	r23, 0x01	; 1
 9b8:	80 e0       	ldi	r24, 0x00	; 0
 9ba:	90 e0       	ldi	r25, 0x00	; 0
 9bc:	95 dd       	rcall	.-1238   	; 0x4e8 <DigiKeyboardDevice::delay(long) [clone .isra.1]>
sendKeyStroke():
/home/matheo/snap/arduino-cli/62/.arduino15/packages/digistump/hardware/avr/1.7.5/libraries/DigisparkKeyboard/DigiKeyboard.h:122
    //sendKeyStroke: sends a key press AND release with modifiers
    void sendKeyStroke(byte keyStroke, byte modifiers, bool aUseFeedbackLed) {
        if (aUseFeedbackLed) {
            digitalWrite(LED_BUILTIN, HIGH);
        }
        sendKeyPress(keyStroke, modifiers);
 9be:	45 e0       	ldi	r20, 0x05	; 5
 9c0:	67 e1       	ldi	r22, 0x17	; 23
 9c2:	84 eb       	ldi	r24, 0xB4	; 180
 9c4:	90 e0       	ldi	r25, 0x00	; 0
 9c6:	c9 dd       	rcall	.-1134   	; 0x55a <DigiKeyboardDevice::sendKeyPress(unsigned char, unsigned char)>
/home/matheo/snap/arduino-cli/62/.arduino15/packages/digistump/hardware/avr/1.7.5/libraries/DigisparkKeyboard/DigiKeyboard.h:124
        // This stops endlessly repeating keystrokes:
        sendKeyPress(0, 0); // send key release
 9c8:	40 e0       	ldi	r20, 0x00	; 0
 9ca:	60 e0       	ldi	r22, 0x00	; 0
 9cc:	84 eb       	ldi	r24, 0xB4	; 180
 9ce:	90 e0       	ldi	r25, 0x00	; 0
 9d0:	c4 dd       	rcall	.-1144   	; 0x55a <DigiKeyboardDevice::sendKeyPress(unsigned char, unsigned char)>
loop():
/home/matheo/Bureau/hotplug/payload/payload.ino:13

  // Ouvre un terminal (Raccourci clavier classique Linux : CTRL+ALT+T)
  DigiKeyboard.sendKeyStroke(KEY_T, MOD_CONTROL_LEFT | MOD_ALT_LEFT);
  DigiKeyboard.delay(1000);
 9d2:	68 ee       	ldi	r22, 0xE8	; 232
 9d4:	73 e0       	ldi	r23, 0x03	; 3
 9d6:	80 e0       	ldi	r24, 0x00	; 0
 9d8:	90 e0       	ldi	r25, 0x00	; 0
 9da:	86 dd       	rcall	.-1268   	; 0x4e8 <DigiKeyboardDevice::delay(long) [clone .isra.1]>
/home/matheo/Bureau/hotplug/payload/payload.ino:16

  // Payload : Crée un fichier de preuve et ferme le terminal
  DigiKeyboard.print("echo 'POC-ATTACK: ' $(hostname) > /tmp/vuln_proof.txt");
 9dc:	8a e6       	ldi	r24, 0x6A	; 106
 9de:	90 e0       	ldi	r25, 0x00	; 0
 9e0:	25 dc       	rcall	.-1974   	; 0x22c <Print::print(char const*) [clone .constprop.0]>
/home/matheo/Bureau/hotplug/payload/payload.ino:17
  DigiKeyboard.sendKeyStroke(KEY_ENTER);
 9e2:	88 e2       	ldi	r24, 0x28	; 40
 9e4:	18 de       	rcall	.-976    	; 0x616 <DigiKeyboardDevice::sendKeyStroke(unsigned char) [clone .constprop.2]>
/home/matheo/Bureau/hotplug/payload/payload.ino:18
  DigiKeyboard.delay(500);
 9e6:	64 ef       	ldi	r22, 0xF4	; 244
 9e8:	71 e0       	ldi	r23, 0x01	; 1
 9ea:	80 e0       	ldi	r24, 0x00	; 0
 9ec:	90 e0       	ldi	r25, 0x00	; 0
 9ee:	7c dd       	rcall	.-1288   	; 0x4e8 <DigiKeyboardDevice::delay(long) [clone .isra.1]>
/home/matheo/Bureau/hotplug/payload/payload.ino:20
  
  DigiKeyboard.print("exit");
 9f0:	80 ea       	ldi	r24, 0xA0	; 160
 9f2:	90 e0       	ldi	r25, 0x00	; 0
 9f4:	1b dc       	rcall	.-1994   	; 0x22c <Print::print(char const*) [clone .constprop.0]>
/home/matheo/Bureau/hotplug/payload/payload.ino:21
  DigiKeyboard.sendKeyStroke(KEY_ENTER);
 9f6:	88 e2       	ldi	r24, 0x28	; 40
 9f8:	0e de       	rcall	.-996    	; 0x616 <DigiKeyboardDevice::sendKeyStroke(unsigned char) [clone .constprop.2]>
 9fa:	ff cf       	rjmp	.-2      	; 0x9fa <main+0xa2>

000009fc <_GLOBAL__sub_I_usbDescriptorHidReport>:
_ZN5PrintC2Ev():
/home/matheo/snap/arduino-cli/62/.arduino15/packages/digistump/hardware/avr/1.7.5/cores/tiny/Print.h:75
    size_t printNumber(unsigned long, uint8_t);
    size_t printFloat(double, uint8_t);
  protected:
    void setWriteError(int err = 1) { write_error = err; }
  public:
    Print() : write_error(0) {}
 9fc:	e4 eb       	ldi	r30, 0xB4	; 180
 9fe:	f0 e0       	ldi	r31, 0x00	; 0
 a00:	13 82       	std	Z+3, r1	; 0x03
 a02:	12 82       	std	Z+2, r1	; 0x02
__base_ctor ():
/home/matheo/snap/arduino-cli/62/.arduino15/packages/digistump/hardware/avr/1.7.5/libraries/DigisparkKeyboard/DigiKeyboard.h:67
#define MOD_ALT_RIGHT       MODIFIERKEY_RIGHT_ALT
#define MOD_GUI_RIGHT       MODIFIERKEY_RIGHT_GUI

class DigiKeyboardDevice: public Print {
public:
    DigiKeyboardDevice() {
 a04:	86 e6       	ldi	r24, 0x66	; 102
 a06:	90 e0       	ldi	r25, 0x00	; 0
 a08:	91 83       	std	Z+1, r25	; 0x01
 a0a:	80 83       	st	Z, r24
 a0c:	14 82       	std	Z+4, r1	; 0x04
/home/matheo/snap/arduino-cli/62/.arduino15/packages/digistump/hardware/avr/1.7.5/libraries/DigisparkKeyboard/DigiKeyboard.h:68
        noInterrupts();
 a0e:	f8 94       	cli
/home/matheo/snap/arduino-cli/62/.arduino15/packages/digistump/hardware/avr/1.7.5/libraries/DigisparkKeyboard/DigiKeyboard.h:69
        usbDeviceDisconnect();
 a10:	bb 9a       	sbi	0x17, 3	; 23
_delay_ms():
/home/matheo/snap/arduino-cli/62/.arduino15/packages/arduino/tools/avr-gcc/7.3.0-atmel3.6.1-arduino7/avr/include/util/delay.h:187
 a12:	2f ef       	ldi	r18, 0xFF	; 255
 a14:	84 e3       	ldi	r24, 0x34	; 52
 a16:	9c e0       	ldi	r25, 0x0C	; 12
 a18:	21 50       	subi	r18, 0x01	; 1
 a1a:	80 40       	sbci	r24, 0x00	; 0
 a1c:	90 40       	sbci	r25, 0x00	; 0
 a1e:	e1 f7       	brne	.-8      	; 0xa18 <_GLOBAL__sub_I_usbDescriptorHidReport+0x1c>
 a20:	00 c0       	rjmp	.+0      	; 0xa22 <_GLOBAL__sub_I_usbDescriptorHidReport+0x26>
 a22:	00 00       	nop
__base_ctor ():
/home/matheo/snap/arduino-cli/62/.arduino15/packages/digistump/hardware/avr/1.7.5/libraries/DigisparkKeyboard/DigiKeyboard.h:71
        _delay_ms(250);
        usbDeviceConnect();
 a24:	bb 98       	cbi	0x17, 3	; 23
usbInit():
/home/matheo/snap/arduino-cli/62/.arduino15/packages/digistump/hardware/avr/1.7.5/libraries/DigisparkKeyboard/usbdrv.c:616
/* ------------------------------------------------------------------------- */

USB_PUBLIC void usbInit(void)
{
#if USB_INTR_CFG_SET != 0
    USB_INTR_CFG |= USB_INTR_CFG_SET;
 a26:	ac 9a       	sbi	0x15, 4	; 21
/home/matheo/snap/arduino-cli/62/.arduino15/packages/digistump/hardware/avr/1.7.5/libraries/DigisparkKeyboard/usbdrv.c:621
#endif
#if USB_INTR_CFG_CLR != 0
    USB_INTR_CFG &= ~(USB_INTR_CFG_CLR);
#endif
    USB_INTR_ENABLE |= (1 << USB_INTR_ENABLE_BIT);
 a28:	8b b7       	in	r24, 0x3b	; 59
 a2a:	80 62       	ori	r24, 0x20	; 32
 a2c:	8b bf       	out	0x3b, r24	; 59
usbResetDataToggling():
/home/matheo/snap/arduino-cli/62/.arduino15/packages/digistump/hardware/avr/1.7.5/libraries/DigisparkKeyboard/usbdrv.c:199
/* ------------------------------------------------------------------------- */

static inline void  usbResetDataToggling(void)
{
#if USB_CFG_HAVE_INTRIN_ENDPOINT && !USB_CFG_SUPPRESS_INTR_CODE
    USB_SET_DATATOKEN1(USB_INITIAL_DATATOKEN);  /* reset data toggling for interrupt endpoint */
 a2e:	e6 ec       	ldi	r30, 0xC6	; 198
 a30:	f0 e0       	ldi	r31, 0x00	; 0
 a32:	8b e4       	ldi	r24, 0x4B	; 75
 a34:	81 83       	std	Z+1, r24	; 0x01
usbInit():
/home/matheo/snap/arduino-cli/62/.arduino15/packages/digistump/hardware/avr/1.7.5/libraries/DigisparkKeyboard/usbdrv.c:624
    USB_INTR_CFG &= ~(USB_INTR_CFG_CLR);
#endif
    USB_INTR_ENABLE |= (1 << USB_INTR_ENABLE_BIT);
    usbResetDataToggling();
#if USB_CFG_HAVE_INTRIN_ENDPOINT && !USB_CFG_SUPPRESS_INTR_CODE
    usbTxLen1 = USBPID_NAK;
 a36:	8a e5       	ldi	r24, 0x5A	; 90
 a38:	80 83       	st	Z, r24
__base_ctor ():
/home/matheo/snap/arduino-cli/62/.arduino15/packages/digistump/hardware/avr/1.7.5/libraries/DigisparkKeyboard/DigiKeyboard.h:75

        usbInit();

        interrupts();
 a3a:	78 94       	sei
/home/matheo/snap/arduino-cli/62/.arduino15/packages/digistump/hardware/avr/1.7.5/libraries/DigisparkKeyboard/DigiKeyboard.h:79

        // TODO: Remove the next two lines once we fix
        //       missing first keystroke bug properly.
        memset(reportBuffer, 0, sizeof(reportBuffer));
 a3c:	10 92 ba 00 	sts	0x00BA, r1	; 0x8000ba <DigiKeyboard+0x6>
 a40:	10 92 b9 00 	sts	0x00B9, r1	; 0x8000b9 <DigiKeyboard+0x5>
usbSetInterrupt():
/home/matheo/snap/arduino-cli/62/.arduino15/packages/digistump/hardware/avr/1.7.5/libraries/DigisparkKeyboard/usbdrv.c:246
    DBG2(0x21 + (((int)txStatus >> 3) & 3), txStatus->buffer, len + 3);
}

USB_PUBLIC void usbSetInterrupt(uchar *data, uchar len)
{
    usbGenericSetInterrupt(data, len, &usbTxStatus1);
 a44:	89 eb       	ldi	r24, 0xB9	; 185
 a46:	90 e0       	ldi	r25, 0x00	; 0
 a48:	d4 cb       	rjmp	.-2136   	; 0x1f2 <usbGenericSetInterrupt.constprop.7>

00000a4a <__tablejump2__>:
__tablejump2__():
/home/jenkins/workspace/avr-gcc-staging/label/debian7-i686/gcc-build/avr/avr25/libgcc/../../../../gcc/libgcc/config/avr/lib1funcs.S:2296
 a4a:	ee 0f       	add	r30, r30
/home/jenkins/workspace/avr-gcc-staging/label/debian7-i686/gcc-build/avr/avr25/libgcc/../../../../gcc/libgcc/config/avr/lib1funcs.S:2297
 a4c:	ff 1f       	adc	r31, r31
/home/jenkins/workspace/avr-gcc-staging/label/debian7-i686/gcc-build/avr/avr25/libgcc/../../../../gcc/libgcc/config/avr/lib1funcs.S:2328
 a4e:	05 90       	lpm	r0, Z+
/home/jenkins/workspace/avr-gcc-staging/label/debian7-i686/gcc-build/avr/avr25/libgcc/../../../../gcc/libgcc/config/avr/lib1funcs.S:2329
 a50:	f4 91       	lpm	r31, Z
/home/jenkins/workspace/avr-gcc-staging/label/debian7-i686/gcc-build/avr/avr25/libgcc/../../../../gcc/libgcc/config/avr/lib1funcs.S:2330
 a52:	e0 2d       	mov	r30, r0
/home/jenkins/workspace/avr-gcc-staging/label/debian7-i686/gcc-build/avr/avr25/libgcc/../../../../gcc/libgcc/config/avr/lib1funcs.S:2331
 a54:	09 94       	ijmp

00000a56 <_exit>:
exit():
/home/jenkins/workspace/avr-gcc-staging/label/debian7-i686/gcc-build/avr/avr25/libgcc/../../../../gcc/libgcc/config/avr/lib1funcs.S:2278
 a56:	f8 94       	cli

00000a58 <__stop_program>:
__stop_program():
/home/jenkins/workspace/avr-gcc-staging/label/debian7-i686/gcc-build/avr/avr25/libgcc/../../../../gcc/libgcc/config/avr/lib1funcs.S:2280
 a58:	ff cf       	rjmp	.-2      	; 0xa58 <__stop_program>
